GeneID	log2FoldChange	pvalue
Gene_1	0.745071229516849	0.28049031044686334
Gene_2	-0.20739645175677698	0.059507696591545006
Gene_3	0.9715328071510387	0.21460328916834495
Gene_4	2.284544784612038	0.03541872662071649
Gene_5	-0.35123006208500396	0.6780615642951893
Gene_6	-0.3512054354237708	0.7950640232859378
Gene_7	2.368819223261087	0.022123543652876547
Gene_8	1.1511520937293631	0.5371384713458449
Gene_9	-0.7042115789024281	0.36747885708052885
Gene_10	0.813840065378947	0.1994200995951563
Gene_11	-0.6951265392186934	0.05429593248253734
Gene_12	-0.6985946303553853	0.3530319421837674
Gene_13	0.3629434073490512	0.6626592108379342
Gene_14	-2.8699203669866966	0.16837485788940657
Gene_15	-2.5873767487695494	0.013774852880066262
Gene_16	-0.843431293861459	0.04781781019307406
Gene_17	-1.5192466805016358	0.18848128857295454
Gene_18	0.4713709988929108	0.23328808309027965
Gene_19	-1.3620361132818164	0.11761005215640358
Gene_20	-2.118455552002937	0.09743085077398655
Gene_21	2.198473153382331	0.2676604317279413
Gene_22	-0.3386644507298035	0.7844806968845845
Gene_23	0.10129230703188576	0.3850966909892665
Gene_24	-2.1371222793201854	0.31125131659314237
Gene_25	-0.816574086787774	0.21372649337829228
Gene_26	0.16638388456479913	0.43840517039424304
Gene_27	-1.7264903661334543	0.09533701276986266
Gene_28	0.5635470275185079	0.48320365077324645
Gene_29	-0.9009580348782075	0.6239269754457124
Gene_30	-0.43754062468991517	0.4849104759674581
Gene_31	-0.9025599183440953	0.22786049421696958
Gene_32	2.7784172767634066	0.16148306865703058
Gene_33	-0.02024583710690088	0.12168263930570103
Gene_34	-1.5865663934338505	0.4019913128186004
Gene_35	1.2338173681547835	0.27146911398407586
Gene_36	-1.8312654749565334	0.1798582035790043
Gene_37	0.3132953925071331	0.5009174566234411
Gene_38	-2.9395051858196632	0.14368927813761428
Gene_39	-1.9922790733476456	0.02650697542560991
Gene_40	0.2952918538036853	0.5889188145762206
Gene_41	1.1076998699931155	0.139046086892812
Gene_42	0.25705242178495574	0.6278431714050982
Gene_43	-0.17347242358236079	0.7541977286034188
Gene_44	-0.4516555433839332	0.6414427195441725
Gene_45	-2.217782985551141	0.18228359554193294
Gene_46	-1.079766312592063	0.30316351636043437
Gene_47	-0.6909581564396813	0.10113919864622349
Gene_48	1.5856833393283736	0.35088828822894863
Gene_49	0.5154274343526921	0.20974963240475722
Gene_50	-2.6445602330441007	0.1323826894162022
Gene_51	0.4861259540921925	0.22293403301732634
Gene_52	-0.5776234206244748	0.10025795307739842
Gene_53	-1.0153830004589381	0.3789203422245993
Gene_54	0.9175144332613019	0.03434157764290309
Gene_55	1.5464992837439264	0.3455079236243171
Gene_56	1.3969201786742977	0.15795197996140858
Gene_57	-1.2588262848339578	7.177850124171253e-05
Gene_58	-0.46381856377682185	0.40533463899239836
Gene_59	0.49689514710534594	0.036544992448034955
Gene_60	1.4633176906835388	0.1328680023243248
Gene_61	-0.718761356767935	0.4935463276633457
Gene_62	-0.27848846499572566	0.05454094353111292
Gene_63	-1.6595024610090423	0.36608400978159855
Gene_64	-1.7943099361210062	0.0015574894654628159
Gene_65	1.218788733591297	0.13419321109812152
Gene_66	2.0343600428562345	0.26792072020256347
Gene_67	-0.10801518237050077	0.29964221953344533
Gene_68	1.5052993468380362	0.048003194653784
Gene_69	0.5424540375714513	0.2746579694450037
Gene_70	-0.9676796319076864	0.16667364842840715
Gene_71	0.5420934082626209	0.6426359838482621
Gene_72	2.307054849698954	0.09886810668122994
Gene_73	-0.05373905866492731	0.7680164872940017
Gene_74	2.3469654837210094	0.2758452568865316
Gene_75	-3.9296176561346163	0.06081368982955325
Gene_76	1.2328537565628357	0.49125102023554756
Gene_77	0.13057060235725684	0.3534716114593357
Gene_78	-0.4485110256988012	0.7704055953397299
Gene_79	0.13764116480325345	0.08335124883061454
Gene_80	-2.9813533719013394	0.1547306170300438
Gene_81	-0.3295078317562679	0.41880486444111875
Gene_82	0.5356688572676196	0.2965646861837404
Gene_83	2.216841067112274	0.20884547346982787
Gene_84	-0.7774053274104711	0.47716993104128175
Gene_85	-1.2127404043397814	0.002379407468655838
Gene_86	-0.7526355653768049	0.11459395847944832
Gene_87	1.3731031765531112	0.3588822776122634
Gene_88	0.4931266644895267	0.5207681171239015
Gene_89	-0.7946403056505582	0.6492986999828934
Gene_90	0.7699011496700341	0.5178742439392926
Gene_91	0.1456163240220606	0.8840086684525889
Gene_92	1.4529674857993338	0.3397531450957372
Gene_93	-1.0530796408160286	0.17604309931464046
Gene_94	-0.4914932198966523	0.08240805317099731
Gene_95	-0.5881622296982365	0.5826276841268748
Gene_96	-2.195272422198178	0.21492608934375818
Gene_97	0.44418041559686405	0.038589436446692195
Gene_98	0.391582908269834	0.29602761697077806
Gene_99	0.007670184963691335	0.9531374269934209
Gene_100	-0.3518807000627204	0.4196704322565697
Gene_101	-2.1230561130756214	0.1496926098500519
Gene_102	-0.6309679841480386	0.33386245371151385
Gene_103	-0.5140717747901542	0.16153746188759655
Gene_104	-1.2034159038324284	0.20200547524051227
Gene_105	-0.2419285674990137	0.32767880676159605
Gene_106	0.6060762852218076	0.03866789567829764
Gene_107	2.829278851815795	0.18652908245145883
Gene_108	0.26186671924775845	0.36538943965709775
Gene_109	0.3863255860841466	0.6777621522359392
Gene_110	-0.11166887364925082	0.8041704441762957
Gene_111	-2.8781568229485623	0.05027358645134816
Gene_112	-0.03977081317382532	0.644410852124784
Gene_113	0.09034531491153966	0.45142226734627494
Gene_114	3.694863168727929	0.13874925989507564
Gene_115	-0.2885414471716838	0.1867566445839292
Gene_116	0.4523210135004187	0.5406170797805068
Gene_117	-0.05206765455786497	0.5921341878678866
Gene_118	-1.753017056429298	0.12291441057241223
Gene_119	1.7142342217725308	0.05797120672684079
Gene_120	1.127899549030161	0.370755242106785
Gene_121	1.1865479205645704	0.4080864750764774
Gene_122	-1.3640811821921084	0.15957621334090452
Gene_123	2.104191466404149	0.22517886034162768
Gene_124	-2.1027765941884216	0.13807939206848138
Gene_125	0.8802856407004054	0.45926561144154354
Gene_126	3.285683438714968	0.0385341285338255
Gene_127	-1.4858044876960326	0.42350307106669083
Gene_128	-0.8494465944041578	0.1879517096949599
Gene_129	0.14947704763146183	0.34130028473352747
Gene_130	-0.7552134811742988	0.03982203471977397
Gene_131	-2.3259951465991993	0.034852906678868034
Gene_132	0.10284446220904099	0.4900056237870162
Gene_133	-1.5934555705891573	0.12063122639358174
Gene_134	0.7103886459527724	0.5857027200612906
Gene_135	-1.3791363513507047	0.007373035291462574
Gene_136	2.324901607526309	0.11854984678062927
Gene_137	-1.1748799385043556	0.18747917959952026
Gene_138	-0.48309227430851337	0.015180164198570687
Gene_139	1.2202758260545046	0.06756635875866884
Gene_140	-1.846296474650933	0.16432632867161928
Gene_141	0.34118990190619414	0.4155651947733084
Gene_142	1.960714131423642	0.15168025980618433
Gene_143	-2.4112248518418413	0.15902035644438658
Gene_144	0.27695078779845633	0.5181720290429143
Gene_145	0.3898241913726353	0.00816638179296792
Gene_146	1.1727343076659655	0.2581968974829922
Gene_147	-1.855426066317123	0.38102259080711004
Gene_148	-1.9806849196264145	0.1927942615907303
Gene_149	0.7829123484253464	0.458067138502874
Gene_150	0.4454770098497791	0.2495921622660324
Gene_151	0.3757392755188148	0.6414242512611895
Gene_152	0.5196723142454636	0.5960599864854054
Gene_153	-1.0200370823677363	0.3130301678649137
Gene_154	0.34838054574150534	0.8199853519621547
Gene_155	0.43960870994802187	0.1007761218536579
Gene_156	-1.0715271270395517	0.00991815083530922
Gene_157	2.7986617667171347	0.19004579704554683
Gene_158	0.7107493813676813	0.5657440086112944
Gene_159	-1.786955245803973	0.04919241966727925
Gene_160	0.9848304129507446	0.16231056600452215
Gene_161	-1.462022505340982	0.008450092203277955
Gene_162	1.180626905613678	0.16253800982211358
Gene_163	1.7378933685111062	0.3242503440484443
Gene_164	-1.2310234775275657	0.2798873775625981
Gene_165	1.4450641938664828	0.16900782880369183
Gene_166	0.6191713904047474	0.2727640384012092
Gene_167	1.233090239991735	0.0007306955337651738
Gene_168	2.845189473980921	0.07227820333498015
Gene_169	-0.36808217400430576	0.5377900762293714
Gene_170	-1.1306042465362345	0.553526038696997
Gene_171	-1.334271644438285	0.43469154363733353
Gene_172	-1.2237154274481574	0.012796550124374773
Gene_173	-0.11565256412115629	0.8480739802387
Gene_174	0.5117279622249659	0.6063892364061105
Gene_175	0.4150361989950286	0.6341324939939701
Gene_176	1.2407748735540358	0.24628083425859837
Gene_177	0.01950283781686053	0.39414303845108273
Gene_178	2.1803011157359755	0.10182993178530707
Gene_179	-0.3969852498569341	0.053867538762531704
Gene_180	4.080253749884428	0.029673385044101813
Gene_181	0.9385010216475094	0.15424339166952866
Gene_182	-1.2857363346244237	0.2545191202026755
Gene_183	-1.6063387470916686	0.33478567685663935
Gene_184	0.723708622864778	0.3299534961743737
Gene_185	-0.3351941779887764	0.04891873308118533
Gene_186	1.071000741138138	0.5606674611570249
Gene_187	0.7098564368603173	0.6610607070879428
Gene_188	-0.10924336898530916	0.7434514469340311
Gene_189	-1.2701905771026074	0.5252897791113323
Gene_190	-2.272270837028797	0.17481007112343863
Gene_191	-0.6697724281005316	0.6887832386671597
Gene_192	1.2845981914852085	0.03977441474784045
Gene_193	0.32114061619530593	0.3114349138652361
Gene_194	-1.868608168067982	0.08854309729441898
Gene_195	0.25977138877677297	0.17197979353338774
Gene_196	0.5779760695932552	0.10546438917261822
Gene_197	-1.3257861543016995	0.32076597684652003
Gene_198	0.23058765891829186	0.6962392440489769
Gene_199	0.08731307766899984	0.5535950476770927
Gene_200	-1.7144554467459345	0.0623616906501755
Gene_201	0.5366810405224249	0.620223648378042
Gene_202	0.8411767895523516	0.4176062282615609
Gene_203	1.6245768647629155	0.1722839338056492
Gene_204	1.5807030780523545	0.3058429913236602
Gene_205	-2.0665040519356364	0.0924866281750363
Gene_206	-1.4067375598726841	0.17084088188772098
Gene_207	0.7725529008129897	0.6235074411765998
Gene_208	0.7706789263683131	0.19760688405541643
Gene_209	0.7725715294590718	0.31939288784480324
Gene_210	5.779097235982082	0.04949300831843675
Gene_211	0.8563357660397505	0.4612234165210558
Gene_212	1.7033484602708984	0.0265421128528233
Gene_213	1.4310026452398035	0.0720233713075332
Gene_214	0.977086876958697	0.004810967848985973
Gene_215	-0.47290386696051845	0.4980646937046653
Gene_216	1.138453830739901	0.2533665083587459
Gene_217	-1.1592378218063577	0.07520892553193975
Gene_218	-0.3552279101100133	0.8020452705852076
Gene_219	-0.7280453217436552	0.3680475380071871
Gene_220	0.12281120907948384	0.22748654435724858
Gene_221	3.471987850010263	0.08821884371149771
Gene_222	-2.800897788887622	0.16751709631129016
Gene_223	1.0293902855617703	0.04556686734366649
Gene_224	-2.4190738067844775	0.0819538740708727
Gene_225	-0.7078977986841501	0.5664178211549296
Gene_226	1.6334258954510492	0.20311752118783155
Gene_227	0.09642002864319416	0.5208517435025245
Gene_228	-1.6166171668939593	0.19286763355012002
Gene_229	-1.0729555638899524	0.025672881278157925
Gene_230	1.0193966234020138	0.09956204214384348
Gene_231	-1.0955499475757051	0.2576277552456365
Gene_232	0.3246878843729623	0.17783876240101265
Gene_233	0.06835775985572068	0.048299664318644644
Gene_234	-0.9774005214087256	0.5175142483127042
Gene_235	3.2159161339879887	0.19652912347241114
Gene_236	0.9508785334770169	0.4930270830084893
Gene_237	-3.037713879986411	0.1869464802380251
Gene_238	0.27968147215414146	0.2103983172124357
Gene_239	-0.992679697152582	0.5847862069331826
Gene_240	1.2786500021943359	0.10390754587105647
Gene_241	-1.188781107649051	0.5250929858618874
Gene_242	-0.17210466220034853	0.9127926765547818
Gene_243	0.7574809184706857	0.4873331905245979
Gene_244	1.2986327912551823	0.5125522047713675
Gene_245	-1.8004446105836642	0.2315061236300598
Gene_246	-0.5017518537614225	0.201954369219453
Gene_247	-0.7124179667414343	0.3060396891749434
Gene_248	-0.9799938488605678	0.36363221394434003
Gene_249	2.6481813604216455	0.019442967280635978
Gene_250	0.6074725664414333	0.45932385589730756
Gene_251	-1.8913259315025677	0.3811110332364508
Gene_252	1.376792920582164	0.09550647337624402
Gene_253	3.18323429551895	0.1613692748677794
Gene_254	1.5486978908267202	0.41854481389398906
Gene_255	-2.2790549489310203	0.3019563686916021
Gene_256	-0.7263511092993771	0.6677400655802991
Gene_257	1.9003667237799342	0.20163285919739948
Gene_258	-1.061504198428171	0.5748158104165236
Gene_259	0.6657291422193427	0.5428909023379654
Gene_260	1.1619510801440052	0.09043131065728748
Gene_261	-1.3903957073671245	0.2379615711482182
Gene_262	-0.08928803409270011	0.6869672999039169
Gene_263	-4.861901010103609	0.021754370505357123
Gene_264	-1.5365814620014349	0.29712062703186376
Gene_265	-0.3788522270897404	0.5515678013180256
Gene_266	-1.8716747729472742	0.06382015522800136
Gene_267	2.448616955897453	0.1661129929616716
Gene_268	-2.145212066940949	0.2639857498383457
Gene_269	-0.6600667300454757	0.3586559669770534
Gene_270	0.196110865929137	0.010972669292616572
Gene_271	2.161909933599173	0.0030664938594733133
Gene_272	-2.1537932267691593	0.1216224240712498
Gene_273	1.7447456282324394	0.3871108072583194
Gene_274	0.015349591529380573	0.22692844964345132
Gene_275	-1.4722629765719264	0.30383686936155413
Gene_276	0.6931552113949061	0.15703072355997555
Gene_277	0.29858954336020505	0.2770592470227322
Gene_278	-0.9003253157381921	0.540647562357134
Gene_279	0.10470312748502837	0.6916859926092076
Gene_280	-0.5779703952926403	0.07145628080750155
Gene_281	0.17027601787687208	0.3937137328598506
Gene_282	0.99319601178157	0.017752647776277226
Gene_283	2.379025224218028	0.14636832904613944
Gene_284	-1.8567232482402736	0.26179436359150254
Gene_285	3.1995500619844	0.023930650126780802
Gene_286	-2.9281316992837527	0.06681733974847416
Gene_287	-0.22767764255337497	0.3550301129347086
Gene_288	0.8824758097268648	0.5914788223030156
Gene_289	0.42148780160254895	0.8045181633656427
Gene_290	-0.9340492797308907	0.028153305472703945
Gene_291	-0.3121833755359128	0.651027628884914
Gene_292	-0.7395014019882492	0.2568265928222686
Gene_293	-0.8840471354163173	0.25224641119068025
Gene_294	1.274403145531537	0.39883275038469956
Gene_295	0.535523228947571	0.7026790128605901
Gene_296	-1.0393643928909813	0.5655262867924953
Gene_297	1.3493998131498761	0.2939338645452572
Gene_298	0.460949281314914	0.283610116385662
Gene_299	1.2192931782584402	0.42806673694899566
Gene_300	0.9444432628854184	0.15652829911965824
Gene_301	-1.2434925163831085	0.3029110631571294
Gene_302	-0.8402715602954544	0.23557084978269024
Gene_303	1.1209404076848928	0.3748973013052931
Gene_304	0.9155553981501973	0.15209753329823222
Gene_305	-0.0313523909462222	0.18861291605665492
Gene_306	0.17599107496317298	0.8408911835395416
Gene_307	1.9164973436826374	0.03904823238791515
Gene_308	-0.887357083253745	0.32465884973916415
Gene_309	0.8206460717550569	0.14652166525623941
Gene_310	-0.3032889786508411	0.033452272792767086
Gene_311	-0.32652180484083043	0.030593287733349815
Gene_312	1.6481652779807852	0.07685878690242627
Gene_313	1.2381245234820448	0.46671173919415637
Gene_314	1.2202644540009577	0.15346477750613513
Gene_315	1.9582182107314936	0.3570358153677603
Gene_316	0.03150576244913857	0.5725318543744542
Gene_317	1.0229294569424459	0.2618011420411841
Gene_318	-0.46540013489018406	0.4596572888567807
Gene_319	0.48624952873266314	0.4051812694067101
Gene_320	-0.19521458155152688	0.6882138735385622
Gene_321	0.1454939474890773	0.2626750326794878
Gene_322	0.8927355381553704	0.22593402459355655
Gene_323	-1.2273310248502087	0.48402944469037956
Gene_324	3.13858091352819	0.19704548056956742
Gene_325	-1.509026072249553	0.41971617804389894
Gene_326	-1.8212829191815982	0.16872971027815728
Gene_327	1.7371663102501018	0.32739888142816315
Gene_328	1.187494040944404	0.2630583596042581
Gene_329	0.9361797255782327	0.31155808682989816
Gene_330	0.9425182638964198	0.1277645586731442
Gene_331	-0.018370159270371934	0.5857255837356139
Gene_332	-1.3458815572287472	0.09496764564159577
Gene_333	0.1137068372905895	0.31323996012288274
Gene_334	-1.0157425672681675	0.5145359920448429
Gene_335	1.4626796001266267	0.09965808269711855
Gene_336	-0.22058607225320798	0.06372734371715806
Gene_337	-1.2382457951887673	0.037154824896574734
Gene_338	-0.48207876247949016	0.7392785233950995
Gene_339	0.6193971814134365	0.37191133291108563
Gene_340	-0.8455868292059621	0.268252511713216
Gene_341	-1.2333305933496472	0.4376646732924509
Gene_342	0.36553081723786846	0.6962125228046488
Gene_343	0.36744985666308416	0.2764376438656772
Gene_344	-0.7604147630566946	0.47424026336999114
Gene_345	-0.7065574584274842	0.5416223167066262
Gene_346	0.3480749060364544	0.5500803386686607
Gene_347	-2.172126512245986	0.05116981095864489
Gene_348	-2.1111956615648326	0.30479358741967816
Gene_349	-1.0776663318786541	0.3145231908144805
Gene_350	-0.3201707275677709	0.24068657689151665
Gene_351	0.4663613483970069	0.33678517276937275
Gene_352	2.213034325424328	0.012425088809216946
Gene_353	1.2864894348030291	0.06720478089384171
Gene_354	-0.23990779494514067	0.679010361667164
Gene_355	-0.028524311854033244	1.14699963729425e-05
Gene_356	-1.5037940469567133	0.19639883757026375
Gene_357	-0.027769703988584894	0.515305339386901
Gene_358	-0.4329879583802075	0.04399914086307818
Gene_359	0.4840778405071342	0.7638912916608732
Gene_360	-1.2408464153284844	0.12159139484447713
Gene_361	0.7790197713617584	0.20606080294831758
Gene_362	2.2991083695038665	0.09628228970356346
Gene_363	-0.16314022268528638	0.21236768446345114
Gene_364	0.6025675831484122	0.0010904334673173689
Gene_365	1.0352159875666689	0.43464890705504655
Gene_366	-0.6018307078287544	0.7156014343783632
Gene_367	0.33613872271562517	0.18959420522220544
Gene_368	0.01888860117269229	0.6568146521358986
Gene_369	0.14651414782324756	0.6894901686141173
Gene_370	-1.1595146757831998	0.4751472701554253
Gene_371	0.03676526138841407	0.41493113267817167
Gene_372	0.7469974368681747	0.2085139669742857
Gene_373	2.1767154116925624	0.1095493539911006
Gene_374	1.4389062391278102	0.34705978985057695
Gene_375	3.2297736862673343	0.16246819904776305
Gene_376	-1.1510213443320743	0.10214288904860572
Gene_377	1.3084809550810172	0.1928287645481919
Gene_378	0.27501300860752764	0.7860667502765291
Gene_379	3.2847043998265084	0.15611479763445457
Gene_380	-1.212447428032727	0.5371482693962715
Gene_381	-1.259582763271164	0.4017902511127498
Gene_382	-0.8990889681660332	0.25082655872924264
Gene_383	-3.1858435864647103	0.12009477638912507
Gene_384	-0.7886325325211416	0.44561668777233415
Gene_385	-1.1386989923305468	0.04439763137922814
Gene_386	0.22559067971431146	0.4864173585145669
Gene_387	0.5126339636657391	0.5489409907567289
Gene_388	2.8142562588238293	0.04096785810460672
Gene_389	1.4256357572790754	0.38271309428938766
Gene_390	-0.8653554834936046	0.37873399212359643
Gene_391	-1.3476220070225369	0.48540663984388993
Gene_392	0.7378787572597586	0.02933363314107837
Gene_393	-1.9803498105309632	0.09857176600578398
Gene_394	2.7471881487815306	0.1523106266473924
Gene_395	1.7691601810819306	0.1224458843852911
Gene_396	-0.7037634781570572	0.5024997358189126
Gene_397	-2.569701793636316	0.21001056529861342
Gene_398	2.0308085612481195	0.03713701766233583
Gene_399	-0.17180976787892682	0.4715547423392447
Gene_400	1.8567244679601926	0.2011137645970287
Gene_401	-2.3916414881915506	0.11169104195543329
Gene_402	-0.8990625344306593	0.5951380510694353
Gene_403	0.007865549577274748	0.8242583149033453
Gene_404	0.07047089064711308	0.6730706654398023
Gene_405	-0.6750982072188655	0.509684153568073
Gene_406	0.9342748985212481	0.289400877307963
Gene_407	-1.6014306440738917	0.41353359860103556
Gene_408	-0.21356922753194024	0.6242462633017705
Gene_409	0.1804434475678483	0.6660908211678712
Gene_410	0.7716582510881236	0.5858521772611321
Gene_411	1.0674223171333348	0.16072232533947475
Gene_412	-1.6869631377568037	0.3472100598473572
Gene_413	-2.3011712561034336	0.06178416063731807
Gene_414	1.9165152328477637	0.13245957117432508
Gene_415	0.4984710179693875	0.26157357882474846
Gene_416	-1.1227298048348304	0.5581802350286694
Gene_417	2.3267279632837843	0.2676108292485175
Gene_418	0.173511951439288	0.6429032171227606
Gene_419	1.7689457760957397	0.30022484069793726
Gene_420	0.10127772211516342	0.534318716264341
Gene_421	3.0911218873229807	0.20191238917120152
Gene_422	2.6330112636648066	0.13303228432666192
Gene_423	-0.3734462227186103	0.3157054341828055
Gene_424	1.457356426431533	0.07867211363525604
Gene_425	0.9680639243777214	0.4845334359098671
Gene_426	2.052947336298523	0.2631278378962017
Gene_427	-1.4473851908701567	0.18639612426810576
Gene_428	1.029077189997659	0.015060026990021414
Gene_429	1.5876367302743817	0.37932340639597634
Gene_430	-2.6381092296346713	0.003053031384579872
Gene_431	-1.7748877689986626	0.2897179696451918
Gene_432	-3.058848266640151	0.21021629243149131
Gene_433	-0.4041102516668367	0.357591138333492
Gene_434	1.0763133836939436	0.1371829787028608
Gene_435	2.2535355781440423	0.22843393242316523
Gene_436	0.11114217062966278	0.7729580993034135
Gene_437	2.4429233183569377	0.16108708684805412
Gene_438	-2.070152187322337	0.3434903026268306
Gene_439	-2.555073659032732	0.014401260996780449
Gene_440	-0.08332154834492816	0.484197469011176
Gene_441	0.576098173408961	0.5386427346493015
Gene_442	-0.04904212214113966	0.8417448498804826
Gene_443	-3.101163150059815	0.038024519881459905
Gene_444	-0.1336800592691826	0.7482791101068653
Gene_445	-1.9567042507572798	0.20777921206491035
Gene_446	1.0045088232450576	0.23998034158441275
Gene_447	0.5498973691452724	0.10005219800802885
Gene_448	-1.409819679491033	0.42758860350382083
Gene_449	-0.7708003760050404	0.10697383635083658
Gene_450	-1.5888202828334275	0.13997692627057481
Gene_451	-0.09401864590975781	0.27672620685478966
Gene_452	1.4327134807518573	0.4257109004778891
Gene_453	-1.4785890695033155	0.32118246271110235
Gene_454	0.7560697732767666	0.5458913480223742
Gene_455	-0.7953864275586612	0.168281395262148
Gene_456	-1.1893092483935161	0.34477621852614543
Gene_457	-0.16054553993183673	0.5276441179217725
Gene_458	-1.5528634836290611	0.38313915428616396
Gene_459	-0.8304739580207731	0.5981840100085773
Gene_460	-1.7968168388832728	0.004950447211908275
Gene_461	2.947087699374584	0.15442612309171552
Gene_462	0.052895327957592914	0.05048283357491172
Gene_463	-1.0495882619888783	0.32474713609443345
Gene_464	0.32096986610133305	0.24498561312715542
Gene_465	-0.16849207453624473	0.2819906055052614
Gene_466	-0.33145439929983445	0.299053742013177
Gene_467	0.9212500500651378	0.3919666965865824
Gene_468	1.1362615650709578	0.18926720450509993
Gene_469	-0.7957517214157912	0.49218722596702713
Gene_470	-0.86372736096702	0.26265877491729833
Gene_471	-0.412577545727466	0.055612033716841404
Gene_472	-3.452881747103377	0.13944381726383867
Gene_473	-2.2727865932978286	0.09172116302108976
Gene_474	2.050311401166787	0.1552510521836332
Gene_475	2.4674515702519253	0.19960508669077823
Gene_476	-0.3735540593345675	0.27581516891406954
Gene_477	0.8648354445836497	0.03672059634049911
Gene_478	0.46687523181530416	0.29607329886744627
Gene_479	4.618321212682856	0.09382587214931176
Gene_480	1.6793623671518652	0.27713183265720337
Gene_481	-0.1918763872211498	0.6100523480724162
Gene_482	-1.4333106609006387	0.3087958594977489
Gene_483	-2.4096694803863588	0.05964620831858761
Gene_484	0.3051954538008347	0.359129161373372
Gene_485	-1.134526117926455	0.4258394629126094
Gene_486	-2.133380564396511	0.034887042692652255
Gene_487	-0.9698593263637898	0.1710852085176101
Gene_488	-1.6223220054215926	0.12278015338026693
Gene_489	2.530712452608847	0.12188929013766053
Gene_490	1.3224596354241758	0.5060821204251508
Gene_491	-0.011958961974926057	0.06710012083720361
Gene_492	2.2199162083350386	0.17094972274765466
Gene_493	0.11605246147142745	0.16925303306303355
Gene_494	-1.2919263019923954	0.508787348769523
Gene_495	2.284686115904486	0.036151810949328414
Gene_496	0.8083650655269881	0.269412655439999
Gene_497	-1.5558692314896847	0.33895025276380447
Gene_498	-0.2855080171254123	0.6108256566527773
Gene_499	-1.3134273800771359	0.2192070600473008
Gene_500	-2.074199596446504	0.12283632359914066
Gene_501	1.389266321297462	0.19851098662459518
Gene_502	2.8641249607051957	0.06311336331034466
Gene_503	-2.0978513607287117	0.07193098176038638
Gene_504	0.8444538550358562	0.31667370193615696
Gene_505	-0.9759638536827404	0.16484319688140409
Gene_506	-0.7306880756470441	0.19948628239390748
Gene_507	-0.8885908863583037	0.4211618568569547
Gene_508	-1.295986154519724	0.5066365845140353
Gene_509	0.07278244191724048	0.5820650057259559
Gene_510	-1.2464251746165567	0.0412778541693674
Gene_511	0.40568523866975825	0.06170697011722999
Gene_512	-0.07535716417370543	0.9162418962074649
Gene_513	-0.3584220702996146	0.2485141328608297
Gene_514	-1.3613454930623967	0.04661133142351066
Gene_515	-0.8651569958524992	0.38868044714744865
Gene_516	1.1330868387386341	0.3539104571499755
Gene_517	0.7513757814365711	0.44540391548717284
Gene_518	-1.4663328671978266	0.1284560489935954
Gene_519	0.1489984581438388	0.014025860838946632
Gene_520	1.1270806850576836	0.5492774490780632
Gene_521	-2.5041079216820576	0.07173456967336266
Gene_522	0.8150402885699026	0.44975897072334137
Gene_523	-0.9939356384187701	0.42989422390422466
Gene_524	0.8558980028897389	0.3976300756065522
Gene_525	-1.1448887348137753	0.17652507146122115
Gene_526	-2.7073231509967783	0.07002220193497348
Gene_527	-2.441313656824744	0.1763338477406312
Gene_528	0.07212741999207299	0.8354175200492416
Gene_529	0.3895837525822228	0.7791674704587435
Gene_530	-1.3564749376566128	0.05374832977173925
Gene_531	0.9578886881660609	0.09590656496384654
Gene_532	-2.4922800934034397	0.2717182681385596
Gene_533	-0.09911969797097486	0.7009224252040428
Gene_534	-1.816524299643685	0.3560446190327162
Gene_535	-0.9777541617032388	0.1242775753390643
Gene_536	0.07109800697462103	0.5670646936916318
Gene_537	-1.2906200479259287	0.36774765371884727
Gene_538	-0.576833316344738	0.5097093513167148
Gene_539	1.5094392138216608	0.19188942405345902
Gene_540	-0.8653378042847231	0.009987824926633852
Gene_541	1.2535381680977127	0.3114663360799247
Gene_542	-1.6945602819864272	0.10847401029652938
Gene_543	0.7947062668729241	0.3026143677451273
Gene_544	2.1623529309868506	0.3248078780377337
Gene_545	-3.707466750190934	0.06250937548621247
Gene_546	-1.1953428832057151	0.4619673602593286
Gene_547	0.86560819077081	0.12230394555048398
Gene_548	-0.304568079064489	0.5774716389936492
Gene_549	0.5567188100569632	0.7396183908504766
Gene_550	-0.9059777800737309	0.06477601157145423
Gene_551	0.12988468120934987	0.007796796703904394
Gene_552	-0.23351585308811923	0.3858022135085415
Gene_553	1.751673092489711	0.038579758683228334
Gene_554	0.38163126495181965	0.6183786981702768
Gene_555	0.5064039931128033	0.7099742370068352
Gene_556	-0.6178154491837011	0.31867925685266374
Gene_557	-0.7314093361087404	0.1794702440107077
Gene_558	-0.6488372817294313	0.314050803737957
Gene_559	0.5916782135674452	0.5381779739651918
Gene_560	-0.6314767212303944	0.006602749376822598
Gene_561	0.43466228534461937	0.4743120906810828
Gene_562	3.113101197968158	0.1293200132828498
Gene_563	1.3066870551475385	0.33179124635608626
Gene_564	-0.48903529825176173	0.1895231749809762
Gene_565	1.8018208832459173	0.29004798077888866
Gene_566	-0.6121130595323271	0.06729566335128462
Gene_567	-3.057186802766781	0.04320987150284845
Gene_568	-1.512129466376106	0.41198135221152365
Gene_569	-2.8061878815387837	0.18160414360159646
Gene_570	-0.527270226061963	0.010560074299227054
Gene_571	0.02762756878432755	0.2449688331769872
Gene_572	2.514655968412924	0.060979984194850415
Gene_573	0.49039106064624394	0.21191990112107606
Gene_574	-0.3286507932132964	0.2100460205798611
Gene_575	1.2441083717752337	0.033566649990785104
Gene_576	-3.316702963511828	0.08740645418416301
Gene_577	0.3534218371628489	0.6140467764774751
Gene_578	1.1562977908304504	0.34033751921625854
Gene_579	-2.217879368669762	0.22198613867838313
Gene_580	1.7156310648103936	0.03441435034976551
Gene_581	0.5077446112416212	0.7381577961911511
Gene_582	-0.6229318708512019	0.6140884092472202
Gene_583	0.9491727991594272	0.5008807598341422
Gene_584	3.406039286706594	0.14989227646133657
Gene_585	0.2727993825877427	0.8137841678105809
Gene_586	0.37233087945050414	0.4518049443591724
Gene_587	-0.6890413493103662	0.14191180711362042
Gene_588	-1.2747665541971878	0.32607746266676096
Gene_589	1.2455037248163685	0.39853075513576774
Gene_590	-1.2841257388633007	0.3882964195183587
Gene_591	0.1073493558290887	0.4941982948708814
Gene_592	-0.716486170147675	0.047846015369620624
Gene_593	0.7184697386195877	0.2591148923709748
Gene_594	0.5004931579304224	0.7169169572593088
Gene_595	1.5563099163868488	0.26840966400851013
Gene_596	-0.7650245982821205	0.36722071320167304
Gene_597	-0.4048124029400569	0.21958962721320124
Gene_598	-1.468145573673461	0.17683715820213552
Gene_599	-0.6664398901141674	0.6416162543146852
Gene_600	0.5659507395672783	0.5022054634656551
Gene_601	1.1354829249680278	0.44629422857371803
Gene_602	-1.3832479862664382	0.2275190018172817
Gene_603	1.3044088801584903	0.328293397841951
Gene_604	2.0334567882074266	0.08985937662448516
Gene_605	0.6201523548355513	0.5173786846334633
Gene_606	2.815193718837099	0.10464717342908957
Gene_607	-1.1606837986553595	0.24769580936606012
Gene_608	-1.8669820549671257	0.2552997165463396
Gene_609	-2.668080373356418	0.24662650189766594
Gene_610	2.2440664672337745	0.020841558759014986
Gene_611	0.9815484845310867	0.5048684337828797
Gene_612	-0.0833770063656826	0.28044467294265274
Gene_613	0.41995293947973045	0.35984258339252706
Gene_614	-1.6882335709475647	0.009421349016940174
Gene_615	3.6686279694252395	0.04808399371947703
Gene_616	0.19383177296284126	0.45620437446053547
Gene_617	0.16409219190733934	0.0517510592403415
Gene_618	1.088649935848038	0.2849501090730348
Gene_619	0.7215138476050699	0.6463337268212459
Gene_620	0.33582603641869707	0.08910231101869658
Gene_621	-1.185711683167968	0.4225419156292117
Gene_622	0.7072025357039936	0.28765253066263996
Gene_623	2.8230367447125504	0.1597135728264904
Gene_624	2.0181300692324666	0.09487176853117325
Gene_625	2.3897799399590953	0.048284250957577546
Gene_626	-0.7668235146467777	0.10936044102881085
Gene_627	-1.4844072303878713	0.033558656294641394
Gene_628	-0.18868038014947222	0.16893351605656107
Gene_629	0.0835873684330419	0.6370313119935277
Gene_630	1.641287277706423	0.3880745946483142
Gene_631	-2.538696944572229	0.2287812453908464
Gene_632	2.2943254791909204	0.21755510010396265
Gene_633	-0.23701184786848412	0.09809072209656756
Gene_634	-0.64032160492113	0.2099594209554441
Gene_635	-1.5181565628902511	0.1450198803767404
Gene_636	-2.4822850077986542	0.07225100122794853
Gene_637	1.2347558759428718	0.277771810852827
Gene_638	0.10997695078260583	0.5068995734990107
Gene_639	-1.9349413496115808	0.13563204378334867
Gene_640	-1.9426181580954243	0.1339400162571297
Gene_641	-0.5036770489351923	0.6440944757717453
Gene_642	2.5035322879340893	0.22573715059007987
Gene_643	-0.3893870270454072	0.2533427121299569
Gene_644	-2.2547144296771595	0.2959651964880205
Gene_645	-0.36861459612891645	0.7924373751769117
Gene_646	-0.40908535462150575	0.266301692985142
Gene_647	-4.045329964412358	0.04689127534174231
Gene_648	-0.08144229977671831	0.48545774062385255
Gene_649	-0.34640179531301696	0.7914530984899439
Gene_650	1.0443095472201276	0.5198685029030676
Gene_651	2.773434142418018	0.025631153808328002
Gene_652	1.689847544321636	0.16871324072343413
Gene_653	-0.40333303583224583	0.45230760374831436
Gene_654	-1.6597888631125055	0.21941371752337777
Gene_655	3.8600397048747905	0.028138316443837758
Gene_656	0.08882765102173239	0.8215080765621543
Gene_657	0.020893937869419305	0.6699056157373737
Gene_658	-0.03618763066500492	0.8228837517319904
Gene_659	0.2971271411517824	0.7402077580278541
Gene_660	-0.21654061788591372	0.6715633120948595
Gene_661	-0.8604930103203544	0.28564007018144094
Gene_662	-0.8202884118605882	0.4051310801689739
Gene_663	-0.04912990532399758	0.15647402893931667
Gene_664	-0.8151371567006475	0.44815327576166336
Gene_665	-1.0692686740157464	0.1050215225087981
Gene_666	0.15964534153784526	0.6407098170742686
Gene_667	-0.3824658261312829	0.1896343493166912
Gene_668	2.255989482874033	0.03804920132297371
Gene_669	-3.976454712589518	0.022633719680778583
Gene_670	1.6372602778836927	0.0008786021494242317
Gene_671	1.8691277887464435	0.2822900964260469
Gene_672	-3.110085348612224	0.1546687248748921
Gene_673	-0.5140313911205232	0.3982268345883444
Gene_674	-0.5571612989936872	0.12212860184663087
Gene_675	-2.1112675420767317	0.02907455513844827
Gene_676	-1.166725031386313	0.010674324067750755
Gene_677	-1.6658637681987432	0.07206278451594436
Gene_678	2.628405665135434	0.23936257287175958
Gene_679	1.4035175897211918	0.11973287505094107
Gene_680	1.9073326424912382	0.1365098481132664
Gene_681	1.0825080960648528	0.061312959349296536
Gene_682	-1.6935776568258438	0.09534622396089965
Gene_683	-0.7867803994196605	0.3503547767222495
Gene_684	0.7340618418418771	0.42104390138380654
Gene_685	-1.833191713337918	0.09811098500472999
Gene_686	1.069497645258582	0.03382044657596988
Gene_687	-0.36048809723720254	0.32653840629276204
Gene_688	-0.5622312113243962	0.17680973992574925
Gene_689	1.0664399523052372	0.1288150803281026
Gene_690	0.6663949672290597	0.6878651919451642
Gene_691	-0.5414492487286199	0.47013036193292373
Gene_692	1.738994705046372	0.23342238620035186
Gene_693	-1.621594991399846	0.1848134618096962
Gene_694	0.9239034104163957	0.27025756437012
Gene_695	0.8896518869525756	0.34668539509025886
Gene_696	-0.4643196589709854	0.5521430598505775
Gene_697	0.489199533363177	0.5497929374132227
Gene_698	-1.8766703645779543	0.06718016919949757
Gene_699	1.3860405288103514	0.25008811424603894
Gene_700	-0.27735320466448354	0.35861343684708646
Gene_701	-0.7840845307785593	0.5881937916569385
Gene_702	1.5735138387553338	0.28749705691961147
Gene_703	-1.056515535814139	0.3139810915524629
Gene_704	-2.1126919445453396	0.04012549639002227
Gene_705	-2.3349437602858556	0.18844579106205403
Gene_706	0.9090149270184594	0.07439641372044638
Gene_707	-1.9206440287444246	0.1290724290182667
Gene_708	2.632191272976547	0.03830740584120551
Gene_709	-3.122894111825583	0.14521934454021793
Gene_710	2.5446845524350574	0.057786604793782254
Gene_711	0.3165262008039276	0.33450102142730664
Gene_712	-0.14506966780558858	0.8330074134061309
Gene_713	-0.8173786302134246	0.13577245728789591
Gene_714	0.5987041715281063	0.3764350625757475
Gene_715	-0.05645205363727254	0.40760274628265014
Gene_716	1.6549528230247823	0.00792294420661875
Gene_717	0.17134147299305946	0.7276698274435011
Gene_718	0.2254526421928164	0.06168527645211321
Gene_719	-0.5454183183207838	0.36105707083485783
Gene_720	-0.08541843558160118	0.5372363209390296
Gene_721	0.4617026533380888	0.49888104490907914
Gene_722	-2.5652525889849382	0.19096309474194523
Gene_723	-2.0222781331585695	0.09214159387184674
Gene_724	1.1148961410340725	0.005714532164860499
Gene_725	0.2562981571919128	0.6364294658600586
Gene_726	-0.2759750045290187	0.4666155945185141
Gene_727	0.027650899598089737	0.8246375419343285
Gene_728	0.5213725580425066	0.6328983058702973
Gene_729	-0.8096395204640423	0.5625803881257367
Gene_730	-1.167457088103469	0.27059290694186555
Gene_731	0.2937678826465223	0.2880528139095418
Gene_732	-1.467559166422548	0.38001997911243485
Gene_733	0.6123791335717077	0.33226395409379555
Gene_734	-2.5538754063567604	0.051160201161769496
Gene_735	1.5437334559884655	0.3951258627434428
Gene_736	0.7088962236195645	0.6191691655082852
Gene_737	0.3840446014708135	0.38484006227506556
Gene_738	1.474036475918271	0.03622524749086119
Gene_739	2.498211666693865	0.11121343400658139
Gene_740	1.5215550975271956	0.3754955065635634
Gene_741	-2.761311346997468	0.22671830336070692
Gene_742	-1.9193654501035522	0.07793298785477717
Gene_743	-0.9372278665435183	0.041916718553620155
Gene_744	0.03913657531625068	0.8603490933453269
Gene_745	0.7764885307036846	0.26411259569530593
Gene_746	-1.0886157197301984	0.3143531448135562
Gene_747	0.2801501467156175	0.8415328070493258
Gene_748	-1.1330743985299838	0.03777462674448551
Gene_749	-0.9172767044879224	0.40983021983377177
Gene_750	-2.1099916452723333	0.025803054751417028
Gene_751	-1.3848498691663564	0.18787010367136617
Gene_752	-2.0275269084245005	0.2916647782733376
Gene_753	-1.463809879465999	0.20849661389930035
Gene_754	1.5804626949117593	0.45246133337872985
Gene_755	-1.4240983332479145	0.27429559980377505
Gene_756	3.9485730972560864	0.04459668796330427
Gene_757	0.7399768513213338	0.15204020911930888
Gene_758	0.27725418554231085	0.30514656363124154
Gene_759	-1.2875366702718203	0.1956951368804693
Gene_760	1.050464819113487	0.04063849878987809
Gene_761	-0.8634567393566609	0.23999621704538063
Gene_762	0.18301472196804217	0.4236429961408859
Gene_763	3.840126807403192	0.1059516683317174
Gene_764	-0.1440898495869748	0.611079622481124
Gene_765	1.7239099894285137	0.29933697592978226
Gene_766	-1.054764637688831	0.004935808193661692
Gene_767	-0.052482735745442544	0.21202980191620224
Gene_768	2.656200953453265	0.17533318178309698
Gene_769	-0.940450586681651	0.3024263106274623
Gene_770	2.718672836995393	0.0013646660601234464
Gene_771	1.0616279031832132	0.47314427130665193
Gene_772	-0.8437001638414015	0.5068335209882199
Gene_773	0.9486116085832814	0.3412905223444296
Gene_774	1.4588316744400949	0.03204798997873524
Gene_775	0.9327149433257946	0.48082186599679977
Gene_776	-2.3553370798356847	0.17978143995317278
Gene_777	-1.090705763737303	0.45325309463252095
Gene_778	-0.3712779533272571	0.624381053339048
Gene_779	-0.11165014365006942	0.7594027145499976
Gene_780	0.9310081463260169	0.3252150777633926
Gene_781	0.26655150139988076	0.12281534615796465
Gene_782	-2.003016538065152	0.24653291772276703
Gene_783	0.5702967765089448	0.46653589720654903
Gene_784	0.9158786179257348	0.46953887620629253
Gene_785	0.8396856718965597	0.11163731876727993
Gene_786	1.6211710883319328	0.08668551732664509
Gene_787	1.250883231823356	0.47639144165203395
Gene_788	0.688770118842655	0.5314762673673445
Gene_789	-0.10524856718797054	0.8616694279808186
Gene_790	-2.4914414002739873	0.21830778742725948
Gene_791	0.6444273286988788	0.43266491465274565
Gene_792	0.3115315307446667	0.5597803794802914
Gene_793	0.4073682557930602	0.7252794245037415
Gene_794	-1.9151228637304643	0.22216208602115334
Gene_795	-1.6215848106123936	0.2811015470034525
Gene_796	1.5797292799993552	0.07102575653688786
Gene_797	-0.059332730784982565	0.4600682003862742
Gene_798	1.0222510460589367	0.42970937832292105
Gene_799	0.04247756419569176	0.26524888425553783
Gene_800	0.04463420924361779	0.19779044688605954
Gene_801	1.4074257089639965	0.1552642358790909
Gene_802	-0.7740670923260609	0.16399542437960443
Gene_803	0.14418116541147505	0.1999647344955205
Gene_804	-0.6934129330575637	0.3003749966302138
Gene_805	-0.6517443411484733	0.6553663184173493
Gene_806	-0.4637581852029591	0.4021195974620523
Gene_807	0.33320065745056926	0.15908172089850212
Gene_808	-0.718122932495216	0.053751735657280655
Gene_809	1.8836341883602812	0.2714442798225023
Gene_810	-1.341910953329256	0.19569434059572297
Gene_811	-0.28030746624203856	0.7143556729505296
Gene_812	-0.6595965874112624	0.47423359028339307
Gene_813	2.1704668265305993	0.2689886153022434
Gene_814	0.29483216476736196	0.23467171492910238
Gene_815	1.5477668092029524	0.3193287353896196
Gene_816	-2.228340559555458	0.08666183461199688
Gene_817	0.40057539880388826	0.7686230791590576
Gene_818	1.3344461934351557	0.3265437009624558
Gene_819	0.12342598391313628	0.3050906384492766
Gene_820	1.5982205625980268	0.12120727832373263
Gene_821	-0.7759326751505582	0.12953131223452513
Gene_822	2.11402116027837	0.24138291367712364
Gene_823	3.4483471854288754	0.039001446003013904
Gene_824	-0.5442578406594886	0.4534758637610184
Gene_825	-0.6682537821011577	0.18946886851050826
Gene_826	2.1800767156765515	0.2225563406174917
Gene_827	2.3693582185960684	0.24924467599093245
Gene_828	-0.7842900407299025	0.5256386237254178
Gene_829	-0.6302802256437858	0.5551830425735057
Gene_830	-0.42267691329076085	0.151961294887271
Gene_831	-2.0166757665514154	0.032245025680740766
Gene_832	-1.3779779197262974	0.3509306315241564
Gene_833	-1.506211150128102	0.1734553875453367
Gene_834	-1.1516963476561926	0.24307706754117336
Gene_835	-0.05202733108017177	0.03034923937649883
Gene_836	0.35132209880478116	0.21775927554192293
Gene_837	2.325750739221115	0.010526775308532653
Gene_838	-1.4975310611081865	0.4158109418256599
Gene_839	1.4764835977148756	0.11633230043675521
Gene_840	-0.32098326633826346	0.4746979727655102
Gene_841	-0.07419556447864942	0.037559768235435886
Gene_842	1.0122292382499056	0.4019977943731751
Gene_843	-1.684083032343448	0.13916989670986588
Gene_844	0.5736146192760759	0.6740287476905406
Gene_845	0.24967831231958415	0.7838876242197649
Gene_846	0.7386768960122236	0.22483809043427747
Gene_847	0.4337529658617272	0.7253000075117776
Gene_848	3.682950209866341	0.1579739975235937
Gene_849	-0.956609976376974	0.5116199716478351
Gene_850	-0.7964954325027265	0.5673274489098814
Gene_851	-0.9347107896371465	0.15604315222204457
Gene_852	-0.8332156787403819	0.38020801881306937
Gene_853	-0.9560806909597765	0.04169847715906983
Gene_854	1.7835247966613277	0.03890996148042634
Gene_855	2.1307563719847824	0.34421590503663607
Gene_856	-0.8561194406242144	0.21289447679284565
Gene_857	-1.248533359656343	0.4007677729184944
Gene_858	0.7071233345796062	0.5664262364999431
Gene_859	-0.8283345664214569	0.5670593309038774
Gene_860	0.9493977266332662	0.6205969864431794
Gene_861	0.30438453127694953	0.20740277041606656
Gene_862	-2.273616172495848	0.012946219311248341
Gene_863	2.3212578019950927	0.12882181693735
Gene_864	2.6938165096432827	0.033826568375417726
Gene_865	-0.9191830357265793	0.014162881166485574
Gene_866	-0.5815523399039763	0.2694850161606017
Gene_867	0.4287980860873575	0.632497367246879
Gene_868	0.5016851849805375	0.4405705877791528
Gene_869	0.9878164090092456	0.19086863846697769
Gene_870	3.0153068081495245	0.14489027833984286
Gene_871	-0.2654208412410741	0.20318264658143534
Gene_872	-1.1974458668076806	0.007902790896905022
Gene_873	-2.068978842021791	0.27165715424349074
Gene_874	-1.0963950599128787	0.36051769158674785
Gene_875	-0.04969045931069564	0.7435963834039977
Gene_876	2.6918367952766813	0.010135586717785887
Gene_877	-0.7764169485542571	0.5677939055454991
Gene_878	0.33568192745834774	0.5238021458044324
Gene_879	-0.024634344109128112	0.5564984754379624
Gene_880	1.7825899101721259	0.25616940934953647
Gene_881	3.7903986388104327	0.12991426941229492
Gene_882	-0.796303159380481	0.3941632124381113
Gene_883	-0.7341591637773333	0.4024559969959214
Gene_884	1.566241315603608	0.4527182952989282
Gene_885	1.0228372344394672	0.4537689384334303
Gene_886	2.77006098860405	0.11071328982888234
Gene_887	0.8758922779889459	0.4565261111303645
Gene_888	-0.5389381361805893	0.2972883586428609
Gene_889	0.8859822460384639	0.14696388857602907
Gene_890	1.6630553708743616	0.25985954792196164
Gene_891	1.2307232717960461	0.5016317596767327
Gene_892	0.7609110466609466	0.6351132866895978
Gene_893	1.600012034383731	0.15362702003131412
Gene_894	1.7539433856685092	0.21953541090094905
Gene_895	2.0732384865562907	0.0750570202962162
Gene_896	0.973064831384464	0.6120686205439833
Gene_897	-0.2506771204752815	0.8655404275798488
Gene_898	0.22007052964998425	0.581831751855151
Gene_899	1.8097634497625352	0.32545767137369686
Gene_900	-1.2254035064808542	0.3875019439220931
Gene_901	0.5530099633093517	0.4498688936867401
Gene_902	-0.590008218491041	0.03971910567037815
Gene_903	0.04311723440222623	0.44506517811848056
Gene_904	1.917677793910948	0.25867104409263253
Gene_905	0.286648602029855	0.5870628671809827
Gene_906	0.06965482223422322	0.360351408557338
Gene_907	-2.039784211469879	0.33960600515412104
Gene_908	1.119380349040831	0.09562547633239463
Gene_909	0.9682262717116131	0.3083432457537534
Gene_910	3.2448820849581903	0.13639169556579694
Gene_911	-0.46166735242950124	0.5534362442790606
Gene_912	0.32872549149590846	0.5503274744752292
Gene_913	0.3740755255661329	0.22832746190515876
Gene_914	2.3661799196452113	0.047850871445013723
Gene_915	-0.14294329858042815	0.5920748625527859
Gene_916	0.41853228865550884	0.4861414807300623
Gene_917	0.9118447645748088	0.11368714488180214
Gene_918	0.27991368473453715	0.6130449803030396
Gene_919	-0.6696504218257924	0.32565877815423044
Gene_920	0.2911349893474614	0.5773000904936518
Gene_921	1.610447624789658	0.37429293069107644
Gene_922	-1.5397729491165904	0.07859540256638602
Gene_923	0.199454511220314	0.017327718320416068
Gene_924	-1.0501812224087599	0.4608405551648595
Gene_925	1.7925699433872637	0.24880708523022327
Gene_926	-2.284780357175662	0.22322385974855388
Gene_927	-0.8383827709073826	0.5511525506591016
Gene_928	0.5658178125967813	0.6049890334808695
Gene_929	2.3482860438515107	0.2970047969044049
Gene_930	-0.0986253916094817	0.5101477228303583
Gene_931	-0.8327992900397976	0.3221221708346737
Gene_932	2.821735604160885	0.09803295031639862
Gene_933	-2.172020850624366	0.05188003046447716
Gene_934	-3.298208934930123	0.11006769182686157
Gene_935	0.6600216750799985	0.1991487199019219
Gene_936	-0.7530813365289167	0.6322299682310901
Gene_937	-1.5318492256960698	0.27112766540898126
Gene_938	1.06253467094903	0.3485067215473392
Gene_939	0.36570107065679824	0.2956141358320935
Gene_940	-0.8461179461050925	0.03405510523719464
Gene_941	-1.9204565980063415	0.012151687400560334
Gene_942	1.308685992420217	0.2200426017871005
Gene_943	0.9753017669379914	0.05192882635242134
Gene_944	-0.14876379566907436	0.5633464082443587
Gene_945	2.7699554940714988	0.22053341775328864
Gene_946	-1.605127149489229	0.3957034830777875
Gene_947	-2.288287756387108	0.20990363859440922
Gene_948	-1.0378621048218666	0.12571597618665803
Gene_949	-0.06837902453324671	0.8339900794563655
Gene_950	0.36500917398403776	0.7382760569145188
Gene_951	-0.3618540867844948	0.16410667692876135
Gene_952	0.5280830947714452	0.5663001925431861
Gene_953	-1.8773091362856662	0.1120731966431617
Gene_954	2.165646906109889	0.2718045469808414
Gene_955	-0.1232267675888532	0.937649276517158
Gene_956	1.6759437473821914	0.012988858828086059
Gene_957	0.5140880195665563	0.6939636948569398
Gene_958	0.6851298287306758	0.4420346994410703
Gene_959	0.8546509203483059	0.6348900163330967
Gene_960	0.6715628400259724	0.3323791891481129
Gene_961	0.9640841398013158	0.5232799119022176
Gene_962	1.993728795198647	0.023025581080091725
Gene_963	0.2947817545522052	0.2893312695622938
Gene_964	1.0635056363827684	0.03937718559772595
Gene_965	-0.13460354143084008	0.9118610036152319
Gene_966	2.1601758231742094	0.2774162942994286
Gene_967	-1.0145884530889044	0.5133380562381274
Gene_968	2.7014106493662235	0.24298690595613384
Gene_969	-0.060236925966515115	0.08257851491766824
Gene_970	-2.1461626531770723	0.1318563394802328
Gene_971	0.19215662236618392	0.06452758715234969
Gene_972	-1.0215774862123213	0.12648052552923708
Gene_973	1.2609653234830862	0.12209938535529467
Gene_974	-0.9789359689535864	0.2875403944578111
Gene_975	-0.6692751498221696	0.19218238603108925
Gene_976	-2.8343110964182965	0.024477349530139404
Gene_977	-0.6784594788736151	0.1193070486754494
Gene_978	-3.635818989943435	0.0239123704948314
Gene_979	-2.375854235228585	0.29664492666017844
Gene_980	1.140621984216446	0.4292657090678874
Gene_981	1.1787002379762483	0.5368053315715665
Gene_982	0.6381863426774471	0.319606828099353
Gene_983	-1.4504642146938194	0.13478940564959696
Gene_984	-0.07156703421296978	0.770232508156385
Gene_985	-0.005403808635852606	0.32537360097304197
Gene_986	-1.7375470337888141	0.12558105686273743
Gene_987	2.255097452650726	0.07529150185809874
Gene_988	1.3160434358635071	0.06715747805817106
Gene_989	-0.3314462607444959	0.2172962244398634
Gene_990	0.040328758491796166	0.3482267001065357
Gene_991	0.3125742119213287	0.5764764054620255
Gene_992	-3.062602302636436	0.013529903950152349
Gene_993	-0.3707660737808954	0.17488621863204895
Gene_994	-1.0229763719966978	0.485092673591667
Gene_995	-1.5024300148423733	0.06931673103782267
Gene_996	-0.4216504393289323	0.27751365348762524
Gene_997	2.6965297902742837	0.22454367328279948
Gene_998	0.9612642919005148	0.09580462785224234
Gene_999	-0.8567684846741952	0.05390809612735402
Gene_1000	0.8588741720342379	0.3153738509318521
Gene_1001	2.0990331548790033	0.10587917507617635
Gene_1002	1.3869505243691531	0.28161177543546817
Gene_1003	0.0894455548802612	0.7686485083609684
Gene_1004	-0.9704051665583608	0.08442483490369071
Gene_1005	1.047334970420385	0.343973703354498
Gene_1006	0.5902280781326243	0.376324321729584
Gene_1007	1.3427898300415984	0.07362358038061492
Gene_1008	0.9527577025229543	0.38752063154317257
Gene_1009	1.5743290729790027	0.12454291613867322
Gene_1010	-0.802852817340852	0.326539012432671
Gene_1011	1.9760910984514886	0.030630284937797018
Gene_1012	0.29639940703859946	0.3962804443703089
Gene_1013	3.1128913089378982	0.06462833281334587
Gene_1014	-1.0337817271343517	0.49044502075181257
Gene_1015	2.603945704747874	0.015497909366193784
Gene_1016	0.2968661751939717	0.3608636194253356
Gene_1017	-0.9771270054216725	0.2812509164803951
Gene_1018	-0.7258287510814824	0.5043475735175663
Gene_1019	-0.4805209622914802	0.45163294963905964
Gene_1020	0.6362489196028747	0.4854051398201092
Gene_1021	0.7842532320532494	0.5249889228452361
Gene_1022	-0.8605500059078686	0.5607166559209437
Gene_1023	-0.03653188839147426	0.3081943085057196
Gene_1024	3.2134055379177955	0.1078992577937246
Gene_1025	2.591314755151067	0.22995259311658786
Gene_1026	0.6544855045110481	0.7133039478972434
Gene_1027	0.05700521725230043	0.8645236038689021
Gene_1028	0.18004699007739194	0.3394875392531816
Gene_1029	0.920276959095625	0.12318837021965544
Gene_1030	-1.5341888477976084	0.2272544872050562
Gene_1031	-0.38606480613501765	0.6114501951302211
Gene_1032	-2.502876110816384	0.1409206041368677
Gene_1033	0.5988346839079188	0.35815781017357523
Gene_1034	0.9707939095541116	0.5158912943382092
Gene_1035	-0.724779693449061	0.25154099748476666
Gene_1036	2.3609801449350494	0.26406717936208685
Gene_1037	-1.838648494503512	0.16222904887754294
Gene_1038	-2.1965623203147304	0.10944727033817482
Gene_1039	0.3366777278399581	0.3836520844619302
Gene_1040	1.5706474539182318	0.3476545160599278
Gene_1041	2.525891537186803	0.035635852806834234
Gene_1042	-0.68832639430341	0.1392245412537886
Gene_1043	1.6180212501469433	0.42367687324526054
Gene_1044	-0.05776270425106081	0.17049568396478412
Gene_1045	-0.25894094991122946	0.4987828119584808
Gene_1046	1.3254899062300085	0.29859868981495313
Gene_1047	0.9784843176201294	0.30018427451849145
Gene_1048	-2.364588235476374	0.1976625250522908
Gene_1049	2.2148105245888434	0.07593824138703192
Gene_1050	2.0701370312211775	0.19630676671734568
Gene_1051	-0.9383440522642941	0.23280180275699963
Gene_1052	0.5937053001561136	0.4917203450600108
Gene_1053	0.7410452794241082	0.09749698059014524
Gene_1054	0.39101064873586067	0.46950041412280236
Gene_1055	-0.8254577307681301	0.12261964820775774
Gene_1056	-1.0074350519070774	0.16837844471914987
Gene_1057	-0.03833110648716792	0.2145580186813631
Gene_1058	1.759093528889047	0.07587236696200207
Gene_1059	0.8154002318916485	0.5492450279314463
Gene_1060	-0.5559214981291589	0.21637392558448948
Gene_1061	1.157548065972517	0.519731874786649
Gene_1062	-4.272813930945113	0.11452731529702741
Gene_1063	1.7231485505581552	0.2413555107525155
Gene_1064	-2.6095706681671493	0.038786302151127154
Gene_1065	-0.5436614121046982	0.28539948751874034
Gene_1066	-1.6795048419392158	0.34447468711887186
Gene_1067	-1.9420222135813585	0.1391308463187234
Gene_1068	1.7412401810677791	0.036433399407091
Gene_1069	-0.7015518019678371	0.39205538106669213
Gene_1070	0.5197558225960737	0.6517113344756654
Gene_1071	-0.0703808683187761	0.7684044859716828
Gene_1072	0.7155612408346822	0.12245073231987505
Gene_1073	0.11523283659038304	0.6350978582302782
Gene_1074	-1.9244883362828544	0.08424025221846605
Gene_1075	1.4944002291707101	0.10336294049633096
Gene_1076	-0.7406348747419688	0.6035597584275
Gene_1077	-2.334872847989627	0.07768789294781582
Gene_1078	-0.6421727414488687	0.1909492527880785
Gene_1079	2.2511396859514665	0.00021200407934198192
Gene_1080	1.2753326131702394	0.4601698287453326
Gene_1081	-0.5229782016117888	0.6102221284656199
Gene_1082	-0.5238865564776432	0.48276391348581976
Gene_1083	-0.4824525768260739	0.5894566658505961
Gene_1084	3.1151219753412613	0.032028912313225584
Gene_1085	0.57290317834733	0.3441659259153137
Gene_1086	0.6450624707866044	0.2543928760182971
Gene_1087	1.5454251810477633	0.04330213673615706
Gene_1088	0.35818373853977026	0.40641922741211767
Gene_1089	-0.3885632187310547	0.7581609554871972
Gene_1090	-0.29452477362746743	0.0345737233377125
Gene_1091	-0.10740188912109593	0.27622202058150447
Gene_1092	-0.05583335476476239	0.20182720807215979
Gene_1093	1.0914443154554698	0.13798769548753795
Gene_1094	0.07791882871094916	0.8737230343759517
Gene_1095	1.0989601158233688	0.2701928001786187
Gene_1096	-0.12107487016287348	0.4389083010216563
Gene_1097	0.11795278547413589	0.7170167332013558
Gene_1098	-2.9973010267981612	0.03451842095100375
Gene_1099	1.3744915120537222	0.24507470773996642
Gene_1100	0.519732713846989	0.3315850923109877
Gene_1101	1.4970151647894783	0.2823817623818454
Gene_1102	-4.344383067290534	0.11387727697219308
Gene_1103	3.132562057171091	0.1606765773192252
Gene_1104	-0.20938444223276065	0.3583185150255202
Gene_1105	1.6622742251062748	0.3604438195256431
Gene_1106	-1.5598588906882962	0.07825926128298291
Gene_1107	0.9191608575938546	0.01923929751069652
Gene_1108	-1.580123344760484	0.09278210747699567
Gene_1109	-0.9356534410437076	0.2132208801122662
Gene_1110	2.871047030800179	0.1215134920825451
Gene_1111	-0.2860236011450199	0.5331593938370613
Gene_1112	0.32614930976958434	0.7735848394224729
Gene_1113	1.3051015960331314	0.26548905903877534
Gene_1114	0.743522831958907	0.3456389463897925
Gene_1115	0.22562835771536463	0.04488291680963979
Gene_1116	0.5474415036993381	0.02655178678388203
Gene_1117	3.6051233778574128	0.09087304205070558
Gene_1118	-0.08642819555037809	0.41964642952890435
Gene_1119	0.30164857007245127	0.7216941327013459
Gene_1120	1.575981594011418	0.07307025882260754
Gene_1121	1.6582888994369758	0.010898195411135401
Gene_1122	1.7805454583405702	0.18435006876132332
Gene_1123	0.9580953330437769	0.1470877967828218
Gene_1124	-1.7145073690957253	0.021052659459368028
Gene_1125	2.450147298451644	0.21284065027635454
Gene_1126	-1.719518089528032	0.0472333059753217
Gene_1127	0.4539531978585498	0.4847937963897185
Gene_1128	-1.131413775029037	0.15962460072295825
Gene_1129	-0.09620751988948881	0.16534779015019363
Gene_1130	0.4931436154552206	0.29676641386594044
Gene_1131	0.4820358231754096	0.6297981714629034
Gene_1132	0.6328811313529271	0.2857336154344815
Gene_1133	2.4205669035879707	0.2238140173965084
Gene_1134	0.6803014522709697	0.08930396051969242
Gene_1135	-0.366234952935973	0.6434638336620597
Gene_1136	1.446130752432536	0.11497484850955654
Gene_1137	1.784205733386961	0.2775910345319259
Gene_1138	-1.8414117227054887	0.2253156249628429
Gene_1139	0.8961001047747871	0.59360519986906
Gene_1140	1.0517591134663475	0.2289212754241822
Gene_1141	-0.4463452550399879	0.0529306120238102
Gene_1142	2.063560219967429	0.006826478969247139
Gene_1143	-0.22508338054879007	0.7388478131090555
Gene_1144	0.1883646802073134	0.4775707174628956
Gene_1145	-0.2596077364258044	0.6808717872701113
Gene_1146	0.023368571372201302	0.23170244437400087
Gene_1147	-1.6444126303428028	0.15165084604052803
Gene_1148	-2.1600763238914418	0.010222750180069476
Gene_1149	2.3917575948374585	0.2907918691004262
Gene_1150	-1.2704420224774917	0.35384869208868314
Gene_1151	-1.4870885241844607	0.4436698611947257
Gene_1152	-3.230085170405572	0.05280250981972957
Gene_1153	-0.9584426215342533	0.37865826966653465
Gene_1154	-1.9846346901112475	0.2515312125705766
Gene_1155	2.4630227402045537	0.09267724491109341
Gene_1156	1.5147256340139512	0.39767958783651264
Gene_1157	-1.0322255177665856	0.5653001444086493
Gene_1158	3.378653708016463	0.16338298871580748
Gene_1159	1.4726482304873914	0.3539177112788619
Gene_1160	-0.48724707526293365	0.21747200012490575
Gene_1161	-3.7491085723103597	0.043206472231889434
Gene_1162	3.4364138588861124	0.17281481314364683
Gene_1163	-2.084358700145394	0.0036271897038609117
Gene_1164	-2.4680981204353376	0.20845035332545475
Gene_1165	1.5338556480144603	0.3280073526958681
Gene_1166	3.6596286095089092	0.09990640130134693
Gene_1167	2.0764092277657773	0.35058748249128335
Gene_1168	0.8458636800785394	0.2043194804089427
Gene_1169	0.892131512497929	0.2176301591445491
Gene_1170	1.2801233381704615	0.041621582288148024
Gene_1171	1.1383928846801477	0.2506149130673494
Gene_1172	0.4217871359540637	0.21141282664000116
Gene_1173	0.1563016559278141	0.3175725816241199
Gene_1174	-0.09388969184928361	0.7962983453551399
Gene_1175	-1.1309468833000145	0.5314404497846765
Gene_1176	-0.4210126153001611	0.15047609563433978
Gene_1177	-2.539435221293078	0.10464183294276774
Gene_1178	-0.14750944019212484	0.8626044706682078
Gene_1179	-1.4828866607263762	0.029447144047705095
Gene_1180	-1.6553839758236564	0.040366802001536584
Gene_1181	0.2698412267302177	0.14224436940251967
Gene_1182	2.088003429516899	0.20954056142469066
Gene_1183	1.3774749090034695	0.07556863883573807
Gene_1184	-2.3557509054347654	0.2981019487515286
Gene_1185	-1.4844422048555064	0.21266085074052857
Gene_1186	1.4111567819823239	0.24766103800545317
Gene_1187	-1.4737310903074645	0.1180537126937509
Gene_1188	-0.3369497249955369	0.39793904417766507
Gene_1189	0.8250781485368278	0.4381652002834728
Gene_1190	-1.452516682295453	0.3633560294275392
Gene_1191	0.15806325921893985	0.6965821732182825
Gene_1192	-2.0010382423773065	0.21248392605181998
Gene_1193	-0.9020514659268205	0.5760540709361692
Gene_1194	0.47967290121380546	0.6431009567160987
Gene_1195	-2.389490600297504	0.22921983264834406
Gene_1196	0.6607121069405985	0.039961898140067176
Gene_1197	-0.029456698390021824	0.0067774035397988866
Gene_1198	0.8287349316257216	0.14037625936506365
Gene_1199	0.33587120109699214	0.5609483381205976
Gene_1200	2.0462106449607664	0.14781600410720455
Gene_1201	0.1878367539718609	0.3663333812724043
Gene_1202	-0.6441083116878794	0.6410238009646024
Gene_1203	0.18344625454842567	0.8170736796242306
Gene_1204	0.8149470435545818	0.6049007309869039
Gene_1205	0.0732901054885565	0.30258419411745646
Gene_1206	0.060887536805823574	0.6703344876261778
Gene_1207	-1.0529875317101332	0.1604462173479194
Gene_1208	-0.9943513763264222	0.11593769002539392
Gene_1209	-2.1039079076995404	0.06448374509740984
Gene_1210	2.6243651147804092	0.09210625083623453
Gene_1211	-1.8657948530869275	0.1691505621555033
Gene_1212	-1.039357796693861	0.49417501145057563
Gene_1213	-1.0776108983537962	0.06994983394048934
Gene_1214	1.3423865654166618	0.3756193725138237
Gene_1215	-0.4424245174380417	0.42598584072207607
Gene_1216	1.8716131090106007	0.11295213277938317
Gene_1217	-1.010235936365803	0.2973842829923549
Gene_1218	0.418491243335703	0.2433117963967592
Gene_1219	-1.253020579889636	0.31857816995101546
Gene_1220	3.2177236916600824	0.08681878357010914
Gene_1221	-1.7813976285442692	0.0674669129815653
Gene_1222	0.46473106534054126	0.09241031184964871
Gene_1223	0.9506653213981477	0.33986879531600644
Gene_1224	0.6206986461772473	0.661640925695493
Gene_1225	-0.27793148831656245	0.2993318731357981
Gene_1226	-0.19473104960013926	0.6649955330170703
Gene_1227	0.0657172079686644	0.6373703738756334
Gene_1228	-0.2205030024427329	0.8343088350622264
Gene_1229	1.4458186751923645	0.39845343876060957
Gene_1230	3.315784502387027	0.10796106120055898
Gene_1231	-0.8362376775117504	0.4325126606397572
Gene_1232	-2.054704469368617	0.3215805654671115
Gene_1233	-0.13242307252688224	0.37392275852628887
Gene_1234	3.869564006481478	0.047207376382351715
Gene_1235	-1.2055118519545962	0.005916919415323045
Gene_1236	2.458675208166101	0.24175482844609675
Gene_1237	2.516551221114661	0.22759352250303283
Gene_1238	-0.8303823625619919	0.0689623402342344
Gene_1239	0.853474618777913	0.37647730008620295
Gene_1240	2.4425949346928073	0.13680378056232287
Gene_1241	-0.5686916114812306	0.08932935157823045
Gene_1242	-0.30537054015354265	0.8417196125698914
Gene_1243	-0.8725213709229656	0.13878998127264977
Gene_1244	-1.5221350960393003	0.03140961959420273
Gene_1245	-0.9739163175990107	0.36552939820630503
Gene_1246	-1.8359104001433848	0.2950551519909248
Gene_1247	0.05112520238883911	0.03162461745677131
Gene_1248	-1.1549598465879627	0.36974554398173953
Gene_1249	0.35067886768612155	0.4466845067917204
Gene_1250	-2.333843469305441	0.032148855491549444
Gene_1251	0.4963203483216856	0.1346091601918517
Gene_1252	1.250293442413387	0.30397013160700714
Gene_1253	-2.990603463857183	0.06643773192202068
Gene_1254	0.5610848547713582	0.7087792065248163
Gene_1255	1.8415034887099382	0.32603838149008546
Gene_1256	-1.8144615280368082	0.39700751322222433
Gene_1257	2.508858580256555	0.07406814403386079
Gene_1258	0.6285285140490677	0.7082143904571385
Gene_1259	-1.0575177836376133	0.25414162044474453
Gene_1260	-0.08365361648655902	0.3332829878752821
Gene_1261	0.8374903687825836	0.03312353443580286
Gene_1262	0.11400808711861725	0.04984154810511271
Gene_1263	0.8081339886695538	0.4619862953834008
Gene_1264	-1.3810103896190493	0.2295702179564627
Gene_1265	0.254041236054117	0.19950111025976505
Gene_1266	-2.1205717453574704	0.21265277968657292
Gene_1267	-0.16683909202305047	0.2326206436764857
Gene_1268	-1.3558614621971845	0.29324423587405557
Gene_1269	-1.1032949138846497	0.20690427164477337
Gene_1270	1.854139762815656	0.3258890827443762
Gene_1271	1.6369651808914036	0.36200946800029954
Gene_1272	0.9137071813607656	0.3022931427058116
Gene_1273	-1.6384691470088684	0.15463015348760892
Gene_1274	-0.4746126745422029	0.2859689045173407
Gene_1275	1.819646549968775	0.32437693469094786
Gene_1276	0.2125753704598571	0.2950878112038491
Gene_1277	3.478994309972541	0.03671264115363419
Gene_1278	0.5899767590915578	0.06305387832672718
Gene_1279	0.2880736747350474	0.40408896962926016
Gene_1280	-0.4636746963037521	0.38236696639634504
Gene_1281	0.20031135717342347	0.7607672219395988
Gene_1282	-0.22870475457081585	0.1973324393309602
Gene_1283	1.0621630150328856	0.22401095649668762
Gene_1284	1.435053475191876	0.39446773386243245
Gene_1285	-1.1789841907619243	0.4567889861173919
Gene_1286	-1.996849430336667	0.14171357119816502
Gene_1287	-2.754308059654945	0.11583495161008663
Gene_1288	0.7619869903688155	0.20719956265246664
Gene_1289	-1.6550499092608104	0.40764758790083677
Gene_1290	-3.2293358894287243	0.0236049749674651
Gene_1291	0.5828679067964462	0.6976895026009914
Gene_1292	3.7394992761491856	0.10542639320032958
Gene_1293	-0.009106367309839986	0.5291573088354232
Gene_1294	1.257736161677463	0.017413647692567466
Gene_1295	0.12274403782134752	0.4472855203874948
Gene_1296	-0.148334479786714	0.3786008008810257
Gene_1297	1.378614724481653	0.08091952648350642
Gene_1298	-0.435411816282977	0.5279909173285567
Gene_1299	0.4010884711078544	0.794678503736132
Gene_1300	0.48254670929402044	0.4416706204048129
Gene_1301	-1.0021356804645731	0.4330570935143037
Gene_1302	1.4880635243047842	0.03252725655839663
Gene_1303	-0.26243963504311296	0.3663043835349382
Gene_1304	-1.133617739239267	0.06601400690864007
Gene_1305	0.8047647653556054	0.4097918877307922
Gene_1306	-1.347701972686556	0.47838357006769916
Gene_1307	0.042271736053692374	0.6479372660273766
Gene_1308	-0.013678494966305316	0.07627956541459571
Gene_1309	1.6288433487473672	0.1570800275542458
Gene_1310	0.7120473493199292	0.38571548847340403
Gene_1311	-0.037540438117715874	0.3957100451949787
Gene_1312	1.2266494488004307	0.45145772714182
Gene_1313	2.08531132352597	0.2871855994645008
Gene_1314	0.8367154595277934	0.4026623637347418
Gene_1315	0.01552892976507091	0.370569472267095
Gene_1316	-1.9677543485252393	0.09545974253042361
Gene_1317	-1.5976704946130589	0.04762784008976391
Gene_1318	-0.45783705653200146	0.28228325132085774
Gene_1319	-0.9142683032389247	0.26157762153475966
Gene_1320	-0.280456954478169	0.5873980032037224
Gene_1321	0.08497488734566075	0.6307820206514354
Gene_1322	0.7945391315350963	0.047123383191382574
Gene_1323	-0.10574816708863682	0.37490323801738873
Gene_1324	0.7297524657393029	0.12620589999817108
Gene_1325	0.09671162221518037	0.14941031637141203
Gene_1326	-2.963199849530807	0.18802408379640206
Gene_1327	-1.4090030907281315	0.020720993873053803
Gene_1328	-0.2161313335824232	0.3762454097208271
Gene_1329	-1.8145421142616613	0.06789106428583783
Gene_1330	0.8998930949943067	0.5607156709432222
Gene_1331	2.296126248515546	0.1767214647846444
Gene_1332	1.8281427775459749	0.09275788785940277
Gene_1333	-0.320164306395312	0.42810512051667543
Gene_1334	2.236089205274928	0.2391363689580966
Gene_1335	0.22300118580316733	0.8570278027935807
Gene_1336	-0.505628956677059	0.17120100052096884
Gene_1337	-0.9201039953114096	0.5594029712922417
Gene_1338	-0.4537045297321925	0.7446763722966984
Gene_1339	-0.5822652278118432	0.6849478850580389
Gene_1340	0.25562433356323155	0.5591764910983156
Gene_1341	0.24086097157479688	0.558360391927202
Gene_1342	0.004569030230121705	0.4022905437770025
Gene_1343	0.6554072546195248	0.5421602682050067
Gene_1344	1.785969412179512	0.21752871586700329
Gene_1345	1.4243312031619855	0.33233800528161
Gene_1346	-2.2273469526748553	0.1406843904862582
Gene_1347	-3.830881702352932	0.10773252506156282
Gene_1348	1.4014798668589106	0.40911760721898327
Gene_1349	-2.0503180476231315	0.05253245670060329
Gene_1350	-0.3371481028390253	0.7037162438030189
Gene_1351	-1.7551695390890392	0.224647689873997
Gene_1352	-2.7029706563700295	0.21864640745141753
Gene_1353	0.812194092307182	0.28735282432321463
Gene_1354	1.1387327404539702	0.2144929028215246
Gene_1355	-0.8647656010900792	0.5938386425155414
Gene_1356	-3.886563438217365	0.03597575953615462
Gene_1357	-0.8193666723787241	0.5604391635491486
Gene_1358	0.5877060081038198	0.3607821836876605
Gene_1359	-2.2183673531611934	0.1695631218063812
Gene_1360	0.27503987966873344	0.2688353426170296
Gene_1361	-0.022964773759493337	0.5664999406335088
Gene_1362	0.8689372494016325	0.21060959969825524
Gene_1363	0.1793705526212299	0.03590083936957804
Gene_1364	-1.4596034113223333	0.1311045679236689
Gene_1365	1.794857252496737	0.00260020301220286
Gene_1366	-0.23779435954045502	0.8686803251808212
Gene_1367	-0.04095680926489779	0.9461713727543419
Gene_1368	-1.3999019386097942	0.19623793488654742
Gene_1369	-0.6649233767872655	0.5223556331119673
Gene_1370	-1.3272040710403514	0.178087708484992
Gene_1371	-0.2594190898851345	0.5894550202889963
Gene_1372	2.567562720213515	0.22309439762670408
Gene_1373	-2.0578517143970343	0.33836182310587526
Gene_1374	-2.4203420968151117	0.11932180030325548
Gene_1375	2.206755491240413	0.2598580300700759
Gene_1376	-0.3139855157277992	0.2272917721823584
Gene_1377	-1.0036091079898748	0.5995839471130194
Gene_1378	1.5598570310941147	0.011813783454165972
Gene_1379	-0.9084233096052962	0.38320960728751075
Gene_1380	2.7390145703204043	0.16766765179567664
Gene_1381	1.0168888070089035	0.4138115383956769
Gene_1382	-0.731867112218554	0.0834946706475642
Gene_1383	3.2359623198982552	0.18610916883555495
Gene_1384	-0.9085723845050075	0.11503344568523792
Gene_1385	1.1131430580139605	0.35694406540903567
Gene_1386	0.4489388706097379	0.17790482569355798
Gene_1387	1.952611934098197	0.11572844711761575
Gene_1388	2.342266795090279	0.16941054777292086
Gene_1389	0.048006223598649936	0.40729870531583784
Gene_1390	-1.1301268055192752	0.09106007244240608
Gene_1391	0.6899582144086747	0.12106316866463007
Gene_1392	-1.016573054628159	0.25152470828659423
Gene_1393	3.0200808712899345	0.1672846016423322
Gene_1394	0.20480299662410617	0.8105631073975338
Gene_1395	-0.5479823269681631	0.06396552526240802
Gene_1396	0.2770204587973626	0.34225762513465596
Gene_1397	-2.0206894342945447	0.03649875301088033
Gene_1398	-1.4574210577659774	0.008006382930898096
Gene_1399	1.800620861916638	0.26895123589624653
Gene_1400	-0.9853414184570937	0.36809204856708033
Gene_1401	-1.5703664740229093	0.07434260601352286
Gene_1402	0.8049791287909293	0.15633972633267484
Gene_1403	1.7785562319944954	0.009742756020726152
Gene_1404	1.0784299659976	0.48694613593690256
Gene_1405	1.4940715287087245	0.4617780289906473
Gene_1406	-1.1351926328541913	0.07679017158841045
Gene_1407	-2.1327160001127656	0.0796876645083598
Gene_1408	2.25200047793323	0.2816494369460851
Gene_1409	-0.48401975826320365	0.7273189425485908
Gene_1410	-0.376249524682571	0.34766604261588385
Gene_1411	1.992291212773587	0.01869488556595275
Gene_1412	0.8343450141009898	0.025955564574415075
Gene_1413	0.6838316581224114	0.4077385752495339
Gene_1414	3.247503517351626	0.07746226535024106
Gene_1415	-0.9652773455702145	0.01768292525265949
Gene_1416	1.3917601921218559	0.29083029446571496
Gene_1417	0.08551968734562676	0.010829428978894098
Gene_1418	0.4028884182948854	0.6437153050814038
Gene_1419	2.2927026396187973	0.09738256943155518
Gene_1420	0.7617536344344356	0.027506765687416238
Gene_1421	0.8074441185744494	0.3929190946128414
Gene_1422	1.6087610059647033	0.17791008090656701
Gene_1423	-0.547429094314328	0.7406230719677649
Gene_1424	-1.2588145010085094	0.29000759668778575
Gene_1425	-1.5672137910315502	0.12571702819463548
Gene_1426	-2.9495348840640028	0.1623422699661371
Gene_1427	3.0843106949104833	0.05807744246888174
Gene_1428	-1.6548125485825247	0.3953186614676477
Gene_1429	-0.33188043537865797	0.3174258098674683
Gene_1430	-0.415219949833381	0.44678133790437774
Gene_1431	0.4611100467136511	0.04015973459376996
Gene_1432	1.2236058188089451	0.2311162873988272
Gene_1433	1.290710232539618	0.43655491539256114
Gene_1434	-0.8746161578534077	0.5202658043917676
Gene_1435	-0.25068257067961724	0.1978928839141792
Gene_1436	0.42386992573244947	0.18290188233355073
Gene_1437	-0.37303668927532063	0.6782353689722577
Gene_1438	2.4110183640299887	0.2786910222944868
Gene_1439	0.736462427457377	0.06598567351717217
Gene_1440	1.1023166790747263	0.2593606449217736
Gene_1441	0.994321903001119	0.20525827822106577
Gene_1442	1.7602107862279874	0.3611086323533067
Gene_1443	0.27153233805556043	0.07292115563902488
Gene_1444	-1.94524792193377	0.07982453222728182
Gene_1445	0.5995319276289623	0.5575727318967227
Gene_1446	-0.9770353406877436	0.03147058096256328
Gene_1447	-0.7929250226246353	0.33132633158677477
Gene_1448	0.8795460281326399	0.28479767007965495
Gene_1449	1.8574246071504534	0.13210923302743555
Gene_1450	0.03190736510409248	0.3883273811595532
Gene_1451	0.4632495188984457	0.4203720450352667
Gene_1452	2.5533224169528568	0.04501619376308178
Gene_1453	0.36112976923285245	0.47750130883822783
Gene_1454	3.9025246712705925	0.11444757440139292
Gene_1455	0.8482644684473162	0.49740168867362794
Gene_1456	-2.6411441387337264	0.041088585267251176
Gene_1457	1.1300124316567988	0.0848269232545119
Gene_1458	0.5717375773241666	0.20149581384282278
Gene_1459	1.9346291311241184	0.13724537326171463
Gene_1460	1.0097720269049375	0.2465333205748418
Gene_1461	-0.20768397597566074	0.6126571259342894
Gene_1462	-1.8364473544340485	0.02262839112286975
Gene_1463	-0.3135348859290379	0.02964179363836583
Gene_1464	-1.2757806813139503	0.20708789514031098
Gene_1465	-0.870785174707084	0.4510723050428199
Gene_1466	0.8828676066309145	0.12440091161682883
Gene_1467	2.5048567565271096	0.1833483309433608
Gene_1468	0.5920072947344717	0.19325619756827916
Gene_1469	-1.7938245930527765	0.36136980971540966
Gene_1470	0.6669040023302111	0.6417137343371482
Gene_1471	1.7949472299684768	0.12117370253881497
Gene_1472	-0.9146743564790734	0.14557842919201064
Gene_1473	-0.20102575000937653	0.3719723998357155
Gene_1474	0.02203229209379564	0.2378963955751901
Gene_1475	-1.17734746962336	0.3732153646030645
Gene_1476	0.9724206507657885	0.5079905045957371
Gene_1477	-0.18142222291167234	0.6147225972561979
Gene_1478	0.6292986658605416	0.6018127838293771
Gene_1479	-1.3312382667031502	0.2040361950027944
Gene_1480	-0.6561874504851156	0.11259441161792678
Gene_1481	1.083572036741657	0.42927225173865735
Gene_1482	-0.5592497281376505	0.27254299168958085
Gene_1483	2.5904457768501077	0.18381866979813355
Gene_1484	-0.5994542784219035	0.20055267903426843
Gene_1485	0.3370270886278289	0.06863252837745637
Gene_1486	1.3988862478096349	0.4931760939720927
Gene_1487	-2.1275485993995478	0.05391305150237406
Gene_1488	-2.641213217971164	0.2638820189272652
Gene_1489	-2.288484471855142	0.31122959819459356
Gene_1490	1.8938761551407732	0.3079434829298673
Gene_1491	-0.8277872188386701	0.43592558113146573
Gene_1492	3.8372989285023786	0.08482501823097711
Gene_1493	-0.846371397986083	0.567259267226095
Gene_1494	0.27682695479555547	0.2520261599548615
Gene_1495	2.3131649288518137	0.1471135046762119
Gene_1496	3.0091393322386844	0.1375744750464388
Gene_1497	3.092255364954597	0.0876129545149401
Gene_1498	1.8125493458897135	0.1727158793618622
Gene_1499	1.5360937887171935	0.15322509004636609
Gene_1500	0.8887904238017746	0.36179218689747317
Gene_1501	1.1675416142499566	0.474442878997163
Gene_1502	-0.8267785744928001	0.13329182773652692
Gene_1503	-1.2272983251334608	0.5058756090440611
Gene_1504	-0.005061686116428077	0.6873458860432852
Gene_1505	-0.2552769337873927	0.7246216454996242
Gene_1506	-0.6798420739909128	0.3959112899215559
Gene_1507	1.044581171185073	0.46237836533460175
Gene_1508	1.432957812855766	0.007913394757845232
Gene_1509	0.13261032943777104	0.7658774199356642
Gene_1510	2.2162951215828928	0.013252647698729253
Gene_1511	-1.7125336712002577	0.3779860508629944
Gene_1512	-0.2904891889195772	0.8578600368210689
Gene_1513	-1.0752334809042075	0.17177619948034487
Gene_1514	-2.79980492560959	0.05186897634840992
Gene_1515	-0.12402102876404887	0.7193443643658171
Gene_1516	-0.1826212625749253	0.23094578045576933
Gene_1517	2.2701746148631967	0.27818660852788357
Gene_1518	0.9462175268321663	0.06407734212154606
Gene_1519	-1.5362802364938073	0.05842746913671189
Gene_1520	2.7811388495012825	0.2437436386828057
Gene_1521	1.8315505432880292	0.2696745299832849
Gene_1522	0.8731465552029236	0.5472984472916371
Gene_1523	-0.3397261482747479	0.2736627536034013
Gene_1524	-1.4391588550852197	0.3294185064202844
Gene_1525	-0.5583101641065795	0.44949794004929483
Gene_1526	1.633122929556279	0.26656141208243755
Gene_1527	2.8268794589019137	0.16606351841784242
Gene_1528	2.3148652924082835	0.18083081104327642
Gene_1529	-0.7332741326794112	0.2973664524912265
Gene_1530	-1.6794261499335168	0.11915291386653903
Gene_1531	0.2113293703668059	0.6915128287005298
Gene_1532	-2.6526590483442773	0.06006397184353911
Gene_1533	0.48475157127717217	0.5433328100660025
Gene_1534	-0.22140387944800302	0.2088808341873992
Gene_1535	-0.6990547528023634	0.44087103973449493
Gene_1536	-2.392054600900193	0.22591134746639233
Gene_1537	0.7704001598545749	0.14879423113582538
Gene_1538	-0.7990512594928671	0.04020026147875169
Gene_1539	-1.754875253565432	0.054465051612977766
Gene_1540	-4.308393319922474	0.07029342885826095
Gene_1541	-0.041272357575954384	0.8320967097311416
Gene_1542	2.6583773950046163	0.011910294980920876
Gene_1543	2.4918888218218047	0.21119263339424552
Gene_1544	-0.6856443848794078	0.2422558245719857
Gene_1545	-0.9033180905426708	0.30461736655770666
Gene_1546	0.7031613841125357	0.6535224272165672
Gene_1547	-1.4975781587824373	0.1570022374833154
Gene_1548	0.45268784972919895	0.37108004997219934
Gene_1549	1.1491204175770355	0.007702548171073039
Gene_1550	1.8403998358264615	0.032512143240468146
Gene_1551	-0.15023111471992917	0.239878942915604
Gene_1552	-0.3055106252654488	0.023906684615720392
Gene_1553	-1.3169738801348416	0.3268213061409773
Gene_1554	-1.24032053105979	0.22934186569982382
Gene_1555	-0.3397183378522901	0.4625159539597808
Gene_1556	0.5510482602242671	0.13258762242621855
Gene_1557	1.3703769393498741	0.14914833207048328
Gene_1558	-1.2047684260205171	0.36344702716884464
Gene_1559	2.2390328534392827	0.3151111168943167
Gene_1560	-0.40668540156385313	0.0411400141632459
Gene_1561	-0.03205094152265424	0.8762292169930508
Gene_1562	-1.120817518721735	0.32938510418701283
Gene_1563	-3.636360390409412	0.09153591729375402
Gene_1564	1.3260680945415746	0.25778630498515376
Gene_1565	1.10526584563865	0.03993162927579078
Gene_1566	-0.42199133567732006	0.07278025904401791
Gene_1567	0.10048607583730787	0.5714662764653597
Gene_1568	0.7739088265561491	0.231552485078947
Gene_1569	-2.3438187853298142	0.28414661837742766
Gene_1570	-0.7935790160194423	0.2734221998932643
Gene_1571	1.1913970194327406	0.0789735059713591
Gene_1572	-1.881434134753874	0.2789889452065344
Gene_1573	0.44033689824994393	0.23538198192444817
Gene_1574	-2.034872706935108	0.1899683219438366
Gene_1575	0.6996449736502895	0.4918417532031281
Gene_1576	-0.05346222344622535	0.8765178466692256
Gene_1577	-2.4226977238582643	0.23591083322858641
Gene_1578	1.7471090316857572	0.2823570886437991
Gene_1579	-1.1018873651970738	0.391744378871465
Gene_1580	-1.2153786555215715	0.5151579644123532
Gene_1581	0.30085379584641425	0.2545094875678946
Gene_1582	1.7229560241430728	0.0004699010628418192
Gene_1583	-1.5237327284675954	0.1269468667754619
Gene_1584	0.09251977477195748	0.20804133639775976
Gene_1585	0.6432247504958595	0.4798162787536996
Gene_1586	1.0396584108947162	0.37681892067091594
Gene_1587	0.2646623329158378	0.5199023359332738
Gene_1588	-0.5505417586249834	0.012334724972693768
Gene_1589	-1.2413853309730796	0.39177064062675787
Gene_1590	0.12921582456956213	0.3032887154230449
Gene_1591	-1.6082085179784102	0.2976049607829247
Gene_1592	-4.3820257252419115	0.06222738834282283
Gene_1593	0.6548397062365017	0.24703395880440465
Gene_1594	1.3559022616292928	0.06831845596534711
Gene_1595	-3.544398653312758	0.01604732090027416
Gene_1596	-1.5145960570649062	0.3899253529448206
Gene_1597	0.9287313915077966	0.5772437687747549
Gene_1598	3.0862432045675483	0.13886810885584253
Gene_1599	0.031190561513111843	0.10183354391586551
Gene_1600	-1.0920044118437016	0.23287866901777676
Gene_1601	-0.27434466165726024	0.6355037528268206
Gene_1602	2.062314628722277	0.27807947192396376
Gene_1603	-0.9689462686868029	0.07282523335843999
Gene_1604	-1.1987880099753805	1.6869079274355567e-05
Gene_1605	-0.7241152832730486	0.49581988784012404
Gene_1606	-1.4299929123880686	0.17444465458610045
Gene_1607	0.1840054739921933	0.23211309773859512
Gene_1608	2.437017687704341	0.0038134043025943413
Gene_1609	0.48461890967404364	0.42403414728242883
Gene_1610	-0.3785302531894314	0.7043843181747597
Gene_1611	-0.43771690337331615	0.7693951983271893
Gene_1612	-2.3447862130449857	0.1751688301954612
Gene_1613	1.3246646657207384	0.2652805790801106
Gene_1614	-0.11675579551920305	0.0802331280471151
Gene_1615	-0.2707198703859385	0.479386321135777
Gene_1616	4.7896613517672915	0.03464957707615182
Gene_1617	0.44812936254852936	0.4852610303029403
Gene_1618	-1.1276865751427765	0.22119227205905811
Gene_1619	-0.639536394308315	0.17453342976014719
Gene_1620	1.7226685637951322	0.040132120312209495
Gene_1621	0.1699056158066467	0.2892701108804279
Gene_1622	-2.15741696747605	0.032862568446555274
Gene_1623	1.3788434018628053	0.0887786029652268
Gene_1624	-1.002216128308491	0.5981864552885434
Gene_1625	2.8099466643263185	0.10897128850824554
Gene_1626	1.6200720985719728	0.23659891615027093
Gene_1627	-0.6709828434881268	0.62462557652438
Gene_1628	1.9215245426026692	0.38090578525512353
Gene_1629	0.10178326579110494	0.5538011227957716
Gene_1630	1.2791605126833292	0.42859115123732183
Gene_1631	0.7270992259417122	0.2272907847837597
Gene_1632	-1.2695349824863102	0.16206224990200307
Gene_1633	-0.965324748476193	0.24852382934911435
Gene_1634	1.544941226371742	0.3106113020177434
Gene_1635	-0.5021629981598112	0.5307171412107783
Gene_1636	-0.605472694862995	0.23289695735949625
Gene_1637	-1.4326838690240296	0.06507785525874951
Gene_1638	0.6353985983901915	0.4602716628397258
Gene_1639	3.093787378864717	0.02732164206546827
Gene_1640	-1.6012993713814092	0.2597646192820665
Gene_1641	0.0363291850091371	0.6809401062902432
Gene_1642	2.118330833123144	0.24293358747696478
Gene_1643	-0.11946208686857272	0.7097841863114698
Gene_1644	0.6785576943746008	0.6217236283291006
Gene_1645	-1.5935902922203196	0.2253671686601138
Gene_1646	0.6424606458114729	0.5296177439549107
Gene_1647	-0.2807163975068232	0.5380901388834124
Gene_1648	1.4785949935197944	0.08911109131636635
Gene_1649	1.7810790773471268	0.010543910069581533
Gene_1650	3.8843454630279206	0.04080097505705147
Gene_1651	0.8694497598203634	0.2868389687452336
Gene_1652	0.4886944748732497	0.4833270181134666
Gene_1653	0.29157645236600405	0.7346544669558646
Gene_1654	-0.5297494392160325	0.15057974502208915
Gene_1655	0.5077257651925366	0.09740129727032001
Gene_1656	-0.44310211520854415	0.7720124044713055
Gene_1657	0.2526914644044214	0.09522076108542595
Gene_1658	1.9763963034119394	0.17811677895985112
Gene_1659	-1.5098138479194616	0.275246785822752
Gene_1660	1.709817841693568	0.23025841208001144
Gene_1661	1.9756726010097978	0.03203678727465845
Gene_1662	-0.17710279048661812	0.052194229179143084
Gene_1663	-3.182782348512892	0.021480868045870245
Gene_1664	-0.9117329806416488	0.37120313277594863
Gene_1665	1.945491819841664	0.20578606725058046
Gene_1666	-0.03430209344832318	0.22976607549825795
Gene_1667	-1.4989533484423663	0.30142087285615154
Gene_1668	-0.7571623818423261	0.5616087682267696
Gene_1669	1.2609300397568295	0.02213431781733858
Gene_1670	0.8201003523020689	0.33056747461638264
Gene_1671	-0.35839814875454146	0.5762217796641372
Gene_1672	-0.5502366177220314	0.19162643371304333
Gene_1673	-0.5876372235657328	0.22941603005601774
Gene_1674	-1.3836152767477539	0.3072302238205215
Gene_1675	2.4230635342041627	0.26735202676409486
Gene_1676	-0.4834807038170098	0.6360012845917725
Gene_1677	1.8257377812382447	0.23405160638913206
Gene_1678	2.2819740778836772	0.23330839732125747
Gene_1679	1.4974663472219405	0.17254838306095532
Gene_1680	-0.6474304690770726	0.46371050349038717
Gene_1681	0.6055951355049142	0.3443910107418138
Gene_1682	-0.036293409586374246	0.18652050640571474
Gene_1683	-1.3555527910951923	0.3563039325452953
Gene_1684	0.4865389225824045	0.4363017812113564
Gene_1685	-1.7685596867397038	0.14811483719918092
Gene_1686	1.7815190826923457	0.37396253321117956
Gene_1687	-0.6969259459475896	0.01477471519448533
Gene_1688	0.30173948380925897	0.2715521869672762
Gene_1689	0.4249318073192132	0.04599360916691947
Gene_1690	-0.388357460556116	0.6312434504433193
Gene_1691	0.8800407022129121	0.45217356963715216
Gene_1692	-0.7123554849337866	0.23206190595744397
Gene_1693	1.3069459461858663	0.35150407810916345
Gene_1694	-2.018969520370123	0.14428217327156906
Gene_1695	0.18956936931961774	0.6878648214127714
Gene_1696	2.908393498587427	0.1060918162703771
Gene_1697	-1.5004969869083622	0.1946987664201304
Gene_1698	-1.0166174557872774	0.5622512978921397
Gene_1699	0.7708617744883726	0.1706373018514493
Gene_1700	0.2693726729093969	0.10526977158733464
Gene_1701	0.5259451489103388	0.44937510613536785
Gene_1702	0.7337806952214952	0.6716291424049765
Gene_1703	0.9520822028426549	0.2347280577947252
Gene_1704	1.6645497629343349	0.026989618433466762
Gene_1705	0.6147279853927688	0.24951928405877913
Gene_1706	-0.3618864819278137	0.4221912239345622
Gene_1707	1.008860551804097	0.097777127412658
Gene_1708	2.849822902342823	0.15829316915290848
Gene_1709	-0.19895061957386034	0.9032747961302371
Gene_1710	-1.4617939570059622	0.21750213239292612
Gene_1711	1.6606210039304592	0.15463111328064022
Gene_1712	-0.18057174593039738	0.3661113578373368
Gene_1713	-3.259004319021054	0.02257177604265772
Gene_1714	1.2711325157256324	0.4678130494564301
Gene_1715	-0.8029922789308841	0.27765023812119155
Gene_1716	-0.13579992345624115	0.3618513721974791
Gene_1717	0.4979704958535218	0.514288912185023
Gene_1718	0.2857495196685996	0.3831822529837004
Gene_1719	1.0641777257085592	0.38075726028770523
Gene_1720	-0.653229555854765	0.044324992559705186
Gene_1721	0.7696586972641241	0.5537930644110188
Gene_1722	-0.38932001637587577	0.7741424058089964
Gene_1723	1.1082157213312545	0.3727706272554584
Gene_1724	0.9230512260195801	0.6016832231301341
Gene_1725	-1.403158053066893	0.075080414219835
Gene_1726	1.6289731742625484	0.21143170487997864
Gene_1727	-0.803945167671072	0.40260815545639395
Gene_1728	1.2120866974217177	0.31734023688412094
Gene_1729	0.550930970102011	0.3047972643398993
Gene_1730	2.757275515192684	0.08517073071137547
Gene_1731	-0.3351989735577782	0.10725412188575048
Gene_1732	-0.5239751941772962	0.3014538730443706
Gene_1733	-0.029129408831598914	0.16030887762687918
Gene_1734	-0.4547696742514131	0.5850060940083216
Gene_1735	1.1999128529130751	0.11461384139822718
Gene_1736	-2.424465912654882	0.01742506182891173
Gene_1737	-1.580523628719531	0.25062287148148626
Gene_1738	-1.6017043823687898	0.26722613439724346
Gene_1739	1.4254613879603637	0.42750202473678345
Gene_1740	2.565920058872888	0.15994825697164744
Gene_1741	-0.15667382780620726	0.3194498545161794
Gene_1742	-0.2532325847850159	0.7075110288426769
Gene_1743	0.10507824466977207	0.512625906861424
Gene_1744	1.7428174539122856	0.03316784071329911
Gene_1745	-1.391029701285861	0.2822561988295616
Gene_1746	0.3575534741021777	0.7593691826675212
Gene_1747	1.4627964446736446	0.19071976196465223
Gene_1748	0.7516412549097679	0.2034944849752486
Gene_1749	0.2843724248981151	0.12445397352826132
Gene_1750	1.5015691388507117	0.07148169476647795
Gene_1751	-4.054848439498856	0.05698486003637759
Gene_1752	1.0168129792963614	0.3582735587853064
Gene_1753	-0.9811135246911358	0.049359635746417996
Gene_1754	-2.7459493452846853	0.23804176689432785
Gene_1755	0.7668038992874711	0.514652934914651
Gene_1756	2.060487817744437	0.20937774674492962
Gene_1757	-0.2061727719415378	0.7472923125689441
Gene_1758	1.4293118208044082	0.03924022873483032
Gene_1759	2.418417386982968	0.14230461809550257
Gene_1760	1.972371680376071	0.2350226256070425
Gene_1761	2.4599467940570894	0.24221553749937066
Gene_1762	1.1131912366078383	0.449051055886238
Gene_1763	0.1131504583523892	0.26182916385512967
Gene_1764	-2.402948717845753	0.2829701539007345
Gene_1765	-0.36909373219492286	0.10339120093769073
Gene_1766	-1.2648698929742876	0.46495546890580247
Gene_1767	3.2564140762467204	0.1905773013008916
Gene_1768	-0.26382871864850493	0.15526019084104475
Gene_1769	0.18480721017672852	0.6583344147248129
Gene_1770	0.8272280640607013	0.02663904606905138
Gene_1771	0.06540366955868059	0.39237919264820026
Gene_1772	2.5425765606461295	0.14480201041689725
Gene_1773	-0.9339740426016779	0.36399965592711836
Gene_1774	0.29191118285586404	0.8088333011058263
Gene_1775	-1.1137058785470724	0.3852060470441084
Gene_1776	-1.9800337668310588	0.17882864931203105
Gene_1777	-0.9176536363579282	0.5117346142898428
Gene_1778	-0.05555519557261803	0.9244926437070644
Gene_1779	-0.64395333677589	0.015991671124720927
Gene_1780	-1.038631469810784	0.5845289210990452
Gene_1781	-2.109476195507751	0.029998414192967532
Gene_1782	-0.12465835894304214	0.7651762752802387
Gene_1783	-2.2570805610465032	0.09068973300163062
Gene_1784	1.1400839455344038	0.0747478214996593
Gene_1785	0.12365962940175493	0.41348315119182394
Gene_1786	-2.186327249197396	0.21582495292706846
Gene_1787	-0.46381361557479517	0.3021024409609917
Gene_1788	-1.1282346083858747	0.03104019041641663
Gene_1789	0.47876176562877065	0.4718448709389505
Gene_1790	2.010675669034717	0.3302083030413774
Gene_1791	-2.812758704468617	0.0938988174187816
Gene_1792	0.17253911872112576	0.19845220691724
Gene_1793	-0.2401991933499606	0.3924918001108797
Gene_1794	1.0070101146756985	0.029230831530768192
Gene_1795	0.3197949423565337	0.6992450881385831
Gene_1796	-1.1279539976082287	0.47013989233125814
Gene_1797	-0.4785809034999272	0.4628658560225609
Gene_1798	-1.1940387852052337	0.19436543873618403
Gene_1799	1.6140107078978976	0.3568571432049224
Gene_1800	0.03196747300791333	0.5458915332070116
Gene_1801	2.851786028629511	0.19846639774978014
Gene_1802	-0.09099122072193117	0.6033739031173184
Gene_1803	-1.0626101503656942	0.4611027931130059
Gene_1804	-2.270571588919241	0.1923364104961917
Gene_1805	-2.7047095143839175	0.10710952435755976
Gene_1806	-2.3762039145082348	0.29198116754302744
Gene_1807	0.40068997651722515	0.4428737167538765
Gene_1808	0.7630875348449008	0.41315905677914966
Gene_1809	-2.3717860530482002	0.06735307842731947
Gene_1810	1.3425574711141732	0.31974174897869395
Gene_1811	-0.7245915775251592	0.39788262104303407
Gene_1812	0.22018951797832403	0.16556885651362185
Gene_1813	2.4183309423831365	0.017783545009608912
Gene_1814	1.3452589737982978	0.3084437319547135
Gene_1815	-0.4027959718587485	0.6243848551407518
Gene_1816	-1.336788338122931	0.2682594046833628
Gene_1817	-3.2277231019939574	0.04515433614601482
Gene_1818	-1.0787299788636302	0.388661242738317
Gene_1819	-0.31669535824154166	0.06837448068764809
Gene_1820	-1.480769290726776	0.21072393933048822
Gene_1821	-0.19688545063845708	0.14805073209259584
Gene_1822	0.11527782443815232	0.17412763784885268
Gene_1823	-0.33728397271211785	0.1709002148227283
Gene_1824	-0.9750038712351896	0.23749949858032224
Gene_1825	0.2529820079500915	0.04507264440933986
Gene_1826	0.6629109743541135	0.28556720365865096
Gene_1827	-1.635598616164269	0.22586867838571306
Gene_1828	2.116398569619405	0.1677418967126629
Gene_1829	-0.1478821984263926	0.3555016976098449
Gene_1830	0.028274434417271493	0.8273668727328645
Gene_1831	1.0623216348848357	0.08544077465623147
Gene_1832	0.34982419689525246	0.4245479987354216
Gene_1833	1.4297049508698676	0.03035464950598421
Gene_1834	0.43068624780273634	0.057370315215000446
Gene_1835	-0.9186560619606569	0.36251564307012074
Gene_1836	0.5422552878091524	0.4315998934768747
Gene_1837	-1.7155893109809925	0.3723707906630738
Gene_1838	0.16283955866478472	0.5142516667796833
Gene_1839	-0.049844985966691194	0.936166252318087
Gene_1840	-0.31217528590880955	0.04165767391067128
Gene_1841	-0.1928062671583961	0.08900056857073875
Gene_1842	-2.8227735682464585	0.010743474902811672
Gene_1843	-0.8230873616114422	0.1227693650040831
Gene_1844	0.13926735171167207	0.5048618155439074
Gene_1845	0.23978458799610056	0.5726328337558534
Gene_1846	-1.541512711388937	0.021090565847484047
Gene_1847	1.8985617612970511	0.3661089314736706
Gene_1848	-1.2992622723217513	0.4398110787008747
Gene_1849	1.4541858007901052	0.143356367782521
Gene_1850	0.6407915428075273	0.0560274722881787
Gene_1851	-0.9693409647657045	0.10463346763836816
Gene_1852	2.662966338914268	0.03352415199759665
Gene_1853	-1.79045524763472	0.05036322383662292
Gene_1854	1.3787312604150022	0.2602631841141777
Gene_1855	1.5008734770644674	0.1160794014912365
Gene_1856	-1.0059303136149673	0.21657957309786732
Gene_1857	2.0886979500964933	0.34822756203476635
Gene_1858	-0.37506977189842916	0.5672966473176213
Gene_1859	0.4330404439197856	0.7642295518099654
Gene_1860	0.3904827581568311	0.11727216375086832
Gene_1861	-0.2014631122058217	0.34552123508930666
Gene_1862	1.2162124097396732	0.3019853646421436
Gene_1863	1.1902330808283195	0.042331939897105875
Gene_1864	-2.6227979598572713	0.0011282767346819757
Gene_1865	1.9565103643172288	0.252060863353881
Gene_1866	-2.4937379820535117	0.18446101616612987
Gene_1867	1.548819306512486	0.18936371522053963
Gene_1868	1.690057705241375	0.21032414727347004
Gene_1869	-1.6364496453227972	0.18329934831238098
Gene_1870	-0.6162214319318772	0.01763972205901873
Gene_1871	-1.6585570027289036	0.14634409852973784
Gene_1872	-0.322381545433103	0.15071996395367948
Gene_1873	-0.46205142627861184	0.07812115453631713
Gene_1874	1.1694907984040097	0.5331302799522508
Gene_1875	1.9654631191794125	0.2243327410799599
Gene_1876	2.093525716184934	0.25581109791858414
Gene_1877	-0.8432520398674532	0.2068720928242371
Gene_1878	-0.3138328106167917	0.33605253832521387
Gene_1879	-2.5251572883314255	0.06703137173648893
Gene_1880	-1.2088050997442832	0.05298211789527776
Gene_1881	1.4472774496461864	0.08682753639096459
Gene_1882	2.4233742353223473	0.237415632432031
Gene_1883	-1.8515233078198832	0.2684636453427859
Gene_1884	-0.8886963887293413	0.35071382375697296
Gene_1885	-0.03960863543839055	0.4657735978084228
Gene_1886	0.4202417382294102	0.7476203286058543
Gene_1887	-1.2144052798824692	0.039631305200452854
Gene_1888	0.6360915666961345	0.20415658695725877
Gene_1889	-0.7107590206063742	0.24527402801105325
Gene_1890	-0.021678406317418655	0.7739907372084851
Gene_1891	0.8194263720055494	0.6588715224119047
Gene_1892	0.009633404716406724	0.23951406389682933
Gene_1893	-0.654578835789853	0.6302663682906681
Gene_1894	-0.16441470588874624	0.7650708013091194
Gene_1895	-0.13254443880800298	0.21025148150002634
Gene_1896	-0.5550165448231915	0.3025620352387672
Gene_1897	-0.3881940940006535	0.33739755194796
Gene_1898	2.3979707557570755	0.29493349762463333
Gene_1899	0.8413791719118581	0.11877251642565861
Gene_1900	-0.44322047704374057	0.640307416123784
Gene_1901	1.0454316067661034	0.1981455797400208
Gene_1902	-0.5007292346340149	0.5689948943950223
Gene_1903	1.759686956379962	0.1742406576289149
Gene_1904	0.5544632882971409	0.43832667180857854
Gene_1905	-0.16095321600634332	0.7682313056950074
Gene_1906	0.6715753887154164	0.5747973133987164
Gene_1907	-2.356314228102749	0.2667245131396659
Gene_1908	-1.690151203364708	0.025607124763747418
Gene_1909	-1.790887509598583	0.28265165875178033
Gene_1910	0.21441464214556014	0.12575617727067442
Gene_1911	2.5987724992276378	0.11339335378089015
Gene_1912	3.3469502192889484	0.10291190709413217
Gene_1913	0.9570766521611358	0.24957303230283667
Gene_1914	0.7512667124166854	0.35689741911983075
Gene_1915	-2.7015866012291085	0.25813488022735853
Gene_1916	-0.8140106996010326	0.09000613778496956
Gene_1917	-1.1816756278623584	0.37411014953711813
Gene_1918	-0.931271397376674	0.24858403389289782
Gene_1919	-0.2522157278771844	0.11725076567288009
Gene_1920	-0.708135866545691	0.11140579219429593
Gene_1921	-2.9689497155636815	0.2151255223419811
Gene_1922	1.1218653841763007	0.5019679475610453
Gene_1923	-1.6091145386097097	0.40570708861010063
Gene_1924	0.3588702961667243	0.828665732542626
Gene_1925	3.11112400462496	0.043969280827933756
Gene_1926	-1.379076887379635	0.17836217081624675
Gene_1927	-3.795431284119495	0.10032307852607854
Gene_1928	-0.4290063328201662	0.39040071327255327
Gene_1929	1.6514394524978566	0.1832210175656018
Gene_1930	2.937521181330891	0.08237195443687687
Gene_1931	-1.8443243916786254	0.236121794152335
Gene_1932	0.7450488348547826	0.39657974413097813
Gene_1933	-0.69796568517008	0.11389320107332945
Gene_1934	-0.1589225314562035	0.4357054214810055
Gene_1935	3.966515020525552	0.07616890047192128
Gene_1936	-2.25445549259273	0.18473306461870123
Gene_1937	0.38060949224186014	0.17369712069585821
Gene_1938	0.7015397576481498	0.5226672640647686
Gene_1939	1.6286794874090207	0.011161477385100834
Gene_1940	0.14697473020634316	0.3296912682522709
Gene_1941	0.4620758092561535	0.6192620976982496
Gene_1942	-0.5874728511326867	0.4203669211265678
Gene_1943	0.40369041186766097	0.2134275337326013
Gene_1944	-0.5147884132461158	0.5372428261278623
Gene_1945	0.9323578347840762	0.35597825396158606
Gene_1946	-0.5544155040654509	0.6034706636627789
Gene_1947	0.5656505908532797	0.5539527920021984
Gene_1948	-0.04389422052746753	0.5968636841873791
Gene_1949	1.6890753761582522	0.2097972819115935
Gene_1950	-0.07709058538272937	0.1281462596015046
Gene_1951	-2.659548702310322	0.0691322387074651
Gene_1952	1.8928822510709875	0.1626608196461008
Gene_1953	-1.3585984512939284	0.3038280426247963
Gene_1954	-0.9806495079732298	0.31460880394952684
Gene_1955	-0.8934919410652382	0.1843534833059014
Gene_1956	2.061657139756226	0.0023059093277710357
Gene_1957	-3.203511320968043	0.10001322749494253
Gene_1958	4.70662280048999	0.02714985817058866
Gene_1959	1.5840852135990777	0.332717847548358
Gene_1960	0.3348583711937395	0.02025462550560263
Gene_1961	-0.08234100092442959	0.5612390696159423
Gene_1962	0.4283311122864854	0.7599718767625454
Gene_1963	0.7816836425690075	0.1179856286428076
Gene_1964	0.9678233789250855	0.29070947940161806
Gene_1965	0.8334066990051727	0.060266880699064926
Gene_1966	0.13437102188287323	0.5850261830847874
Gene_1967	-0.29600763046098916	0.47479383965612965
Gene_1968	-0.22690992548026756	0.3636732914177459
Gene_1969	-0.2923624205290215	0.4504703321254297
Gene_1970	1.7006551453005967	0.38308388827648476
Gene_1971	0.8903350834212929	0.12576908083552726
Gene_1972	-4.41058295199642	0.0024870242552194866
Gene_1973	0.9838511647946415	0.5268631554938693
Gene_1974	0.29210429207816224	0.4986941667814063
Gene_1975	-0.028063134668846124	0.878248391309611
Gene_1976	-0.5827776796333287	0.44605243674649825
Gene_1977	1.6861690799790203	0.3486778968570606
Gene_1978	1.4212896931842867	0.21111023827725753
Gene_1979	-1.1593165017354137	0.4199888569856197
Gene_1980	0.6105784306868027	0.6728295862511925
Gene_1981	-1.457485101811929	0.2760581105186684
Gene_1982	-2.0694272471833957	0.06423804838694372
Gene_1983	-0.9400758368849478	0.1679927489586944
Gene_1984	1.2935902085741382	0.10403444828594492
Gene_1985	1.4296875680641299	0.12077937683494201
Gene_1986	0.7696281301459394	0.2085393585996847
Gene_1987	1.0876436802719958	0.32226922599383334
Gene_1988	0.7742674306724375	0.39924649051219746
Gene_1989	-0.9622223928344283	0.26361786616202204
Gene_1990	0.6478838170109109	0.445129085633804
Gene_1991	1.2006142878415234	0.04475551989189134
Gene_1992	1.1314369947203615	0.04985949850712613
Gene_1993	1.7833700572119644	0.07044395624410238
Gene_1994	1.0624557708015956	0.30456878476715027
Gene_1995	0.5271723113123743	0.16441027705376973
Gene_1996	1.6052253574746411	0.12695575927570416
Gene_1997	-0.03978188887359009	0.3924289051461855
Gene_1998	-1.3228119768415767	0.4190245316251376
Gene_1999	-0.24460044591564584	0.012266363790348471
Gene_2000	-1.1173539672096737	0.371422140651997
